date,delivery fee,price,title,url
2018-09-07 오후 1:28:45,"배송비 2,500원","99,000",중고 삼성LG7인치8인치태블릿PC갤럭시탭/아이패드,http://through.auction.co.kr/common/SafeRedirect.aspx?&next=http://itempage3.auction.co.kr/DetailView.aspx?ItemNo=B526020465&scoredtype=0&keyword=ipad
2018-07-27 오후 5:12:36,무료 배송,"159,000",애플 아이패드2/Apple iPad ios/IPAD/WIFI/중고상품,http://through.auction.co.kr/common/SafeRedirect.aspx?&next=http://itempage3.auction.co.kr/DetailView.aspx?ItemNo=B447819554&scoredtype=0&keyword=ipad
NONE,무료 배송,"360,000",아이패드6 32g,http://through.auction.co.kr/common/SafeRedirect.aspx?&next=http://itempage3.auction.co.kr/DetailView.aspx?ItemNo=B032427415&scoredtype=0&keyword=ipad
NONE,"배송비 2,500원","250,000",아이패드 1 애플 +충전 케이블 새제품+케이스,http://through.auction.co.kr/common/SafeRedirect.aspx?&next=http://itempage3.auction.co.kr/DetailView.aspx?ItemNo=B032426716&scoredtype=0&keyword=ipad
2018-12-24 오후 9:00:05,"배송비 4,000원","1,250,000",아이패드프로 12.9형 미사용제품 파격구성판매,http://through.auction.co.kr/common/SafeRedirect.aspx?&next=http://itempage3.auction.co.kr/DetailView.aspx?ItemNo=B616856481&scoredtype=0&keyword=ipad
NONE,"배송비 2,700원","148,000",아이패드 미니 2세대,http://through.auction.co.kr/common/SafeRedirect.aspx?&next=http://itempage3.auction.co.kr/DetailView.aspx?ItemNo=B032424956&scoredtype=0&keyword=ipad
2018-12-24 오후 3:32:07,무료 배송,"480,000",아이패드프로9.7중고 LTE+WIFI 128기가A급 A1674중고,http://through.auction.co.kr/common/SafeRedirect.aspx?&next=http://itempage3.auction.co.kr/DetailView.aspx?ItemNo=B616764207&scoredtype=0&keyword=ipad
NONE,무료 배송,"1,270,000",아이패드 프로 3세대 12.9 64G 셀룰러 풀박스 팝니다,http://through.auction.co.kr/common/SafeRedirect.aspx?&next=http://itempage3.auction.co.kr/DetailView.aspx?ItemNo=B032416710&scoredtype=0&keyword=ipad
NONE,무료 배송,"108,000","30핀 아이패드 애플 정품 독키보드 1,2,3 용",http://through.auction.co.kr/common/SafeRedirect.aspx?&next=http://itempage3.auction.co.kr/DetailView.aspx?ItemNo=B032416633&scoredtype=0&keyword=ipad
NONE,무료 배송,"35,000","아이패드1,2,3 용 정품 SD, USB 컨버터",http://through.auction.co.kr/common/SafeRedirect.aspx?&next=http://itempage3.auction.co.kr/DetailView.aspx?ItemNo=B032416638&scoredtype=0&keyword=ipad
2018-12-24 오전 10:18:12,무료 배송,"600,000",아이패드프로9.7형128GB(Cellular),http://through.auction.co.kr/common/SafeRedirect.aspx?&next=http://itempage3.auction.co.kr/DetailView.aspx?ItemNo=B616674018&scoredtype=0&keyword=ipad
NONE,"배송비 4,500원","93,000",아이패드 1세대 64GB,http://through.auction.co.kr/common/SafeRedirect.aspx?&next=http://itempage3.auction.co.kr/DetailView.aspx?ItemNo=B032406659&scoredtype=0&keyword=ipad
NONE,"배송비 4,500원","150,000",아이패드 2세대 64GB,http://through.auction.co.kr/common/SafeRedirect.aspx?&next=http://itempage3.auction.co.kr/DetailView.aspx?ItemNo=B032406624&scoredtype=0&keyword=ipad
NONE,무료 배송,"720,000",아이패드프로 12.9 2세대 256g홍콩판,http://through.auction.co.kr/common/SafeRedirect.aspx?&next=http://itempage3.auction.co.kr/DetailView.aspx?ItemNo=B032406506&scoredtype=0&keyword=ipad
2018-12-23 오후 11:28:03,무료 배송,"110,000",아이패드프로 스마트키보드 A1636 (MNKT2KH/A) 새제품,http://through.auction.co.kr/common/SafeRedirect.aspx?&next=http://itempage3.auction.co.kr/DetailView.aspx?ItemNo=B616592180&scoredtype=0&keyword=ipad
NONE,"배송비 4,000원","91,000",아이패드 1세대 ( 내장 32 기가 ) 상태 좋습니다.,http://through.auction.co.kr/common/SafeRedirect.aspx?&next=http://itempage3.auction.co.kr/DetailView.aspx?ItemNo=B032403313&scoredtype=0&keyword=ipad
2018-12-23 오후 9:13:22,무료 배송,"38,000",아이패드 9.7 스마트커버  퓨어스냅 케이스,http://through.auction.co.kr/common/SafeRedirect.aspx?&next=http://itempage3.auction.co.kr/DetailView.aspx?ItemNo=B616568993&scoredtype=0&keyword=ipad
2018-12-23 오후 9:06:37,무료 배송,"1,100,000",아이패드프로 12.9 512 셀룰러,http://through.auction.co.kr/common/SafeRedirect.aspx?&next=http://itempage3.auction.co.kr/DetailView.aspx?ItemNo=B616568013&scoredtype=0&keyword=ipad
2018-12-23 오후 7:41:55,무료 배송,"689,000",아이패드 프로2 10.5 64기가 + 애플펜슬,http://through.auction.co.kr/common/SafeRedirect.aspx?&next=http://itempage3.auction.co.kr/DetailView.aspx?ItemNo=B616553278&scoredtype=0&keyword=ipad
NONE,"배송비 3,500원","10,900",(쏘우체공방)고급형원목  아이패드거치대 제작판,http://through.auction.co.kr/common/SafeRedirect.aspx?&next=http://itempage3.auction.co.kr/DetailView.aspx?ItemNo=B032397423&scoredtype=0&keyword=ipad
NONE,"배송비 3,500원","6,000",(쏘우체공방)원목 아이패드 거치대 제작판매,http://through.auction.co.kr/common/SafeRedirect.aspx?&next=http://itempage3.auction.co.kr/DetailView.aspx?ItemNo=B032397179&scoredtype=0&keyword=ipad
NONE,"배송비 2,500원","3,000",r 헤드레스트 가방(새제품)노트아이패드 즉구시두개,http://through.auction.co.kr/common/SafeRedirect.aspx?&next=http://itempage3.auction.co.kr/DetailView.aspx?ItemNo=B032393735&scoredtype=0&keyword=ipad
NONE,"배송비 3,500원","6,000",(쏘우체공방)원목 아이패드 거치대 제작판매,http://through.auction.co.kr/common/SafeRedirect.aspx?&next=http://itempage3.auction.co.kr/DetailView.aspx?ItemNo=B032389696&scoredtype=0&keyword=ipad
NONE,"배송비 3,500원","10,900",(쏘우체공방)고급형원목  아이패드거치대 제작판,http://through.auction.co.kr/common/SafeRedirect.aspx?&next=http://itempage3.auction.co.kr/DetailView.aspx?ItemNo=B032389714&scoredtype=0&keyword=ipad
2018-12-24 오후 4:53:26,무료 배송,"159,000",아이패드 3세대 32기가 WiFi. iPad 3rd generation,http://through.auction.co.kr/common/SafeRedirect.aspx?&next=http://itempage3.auction.co.kr/DetailView.aspx?ItemNo=B616496270&scoredtype=0&keyword=ipad
NONE,"배송비 3,500원","1,499,000",애플스마트폰/아이폰XS맥스/갤럭시/태블릿PC/아이패드,http://through.auction.co.kr/common/SafeRedirect.aspx?&next=http://itempage3.auction.co.kr/DetailView.aspx?ItemNo=B032389211&scoredtype=0&keyword=ipad
NONE,"배송비 3,500원","289,000","삼성태블릿PC/갤럭시노트프로/아이폰,갤럭시/아이패드",http://through.auction.co.kr/common/SafeRedirect.aspx?&next=http://itempage3.auction.co.kr/DetailView.aspx?ItemNo=B032389151&scoredtype=0&keyword=ipad
NONE,"배송비 3,500원","1,429,000",애플스마트폰/아이폰XS맥스/갤럭시/태블릿PC/아이패드,http://through.auction.co.kr/common/SafeRedirect.aspx?&next=http://itempage3.auction.co.kr/DetailView.aspx?ItemNo=B032389097&scoredtype=0&keyword=ipad
NONE,"배송비 3,500원","499,000",애플스마트폰/아이폰7+256G/태블릿PC/갤럭시/아이패드,http://through.auction.co.kr/common/SafeRedirect.aspx?&next=http://itempage3.auction.co.kr/DetailView.aspx?ItemNo=B032389085&scoredtype=0&keyword=ipad
NONE,"배송비 3,500원","1,409,000",애플스마트폰/아이폰XS맥스/갤럭시/태블릿//아이패드,http://through.auction.co.kr/common/SafeRedirect.aspx?&next=http://itempage3.auction.co.kr/DetailView.aspx?ItemNo=B032389015&scoredtype=0&keyword=ipad
NONE,"배송비 3,500원","609,000",LG노트북15U560/태블릿/아이폰/아이패드/울트라북맥북,http://through.auction.co.kr/common/SafeRedirect.aspx?&next=http://itempage3.auction.co.kr/DetailView.aspx?ItemNo=B032388924&scoredtype=0&keyword=ipad
2018-12-23 오후 12:20:11,무료 배송,"650,000",아이패드 프로 12.9 셀룰러 128기가,http://through.auction.co.kr/common/SafeRedirect.aspx?&next=http://itempage3.auction.co.kr/DetailView.aspx?ItemNo=B616487961&scoredtype=0&keyword=ipad
2018-12-24 오후 1:56:55,무료 배송,"950,000",아이패드 프로 10.5 와이파이 512 미개봉,http://through.auction.co.kr/common/SafeRedirect.aspx?&next=http://itempage3.auction.co.kr/DetailView.aspx?ItemNo=B616486029&scoredtype=0&keyword=ipad
2018-12-23 오전 8:58:27,무료 배송,"550,000",아이패드프로9.7 wifi 128G+펜+키보드,http://through.auction.co.kr/common/SafeRedirect.aspx?&next=http://itempage3.auction.co.kr/DetailView.aspx?ItemNo=B616463555&scoredtype=0&keyword=ipad
NONE,"배송비 2,500원","19,900","새제품,Protector Glass,아이패드10.5 전면 강화유리",http://through.auction.co.kr/common/SafeRedirect.aspx?&next=http://itempage3.auction.co.kr/DetailView.aspx?ItemNo=B032382266&scoredtype=0&keyword=ipad
NONE,"배송비 4,000원","700,000",아이패드프로 9.7 셀룰러 LTE 256기가,http://through.auction.co.kr/common/SafeRedirect.aspx?&next=http://itempage3.auction.co.kr/DetailView.aspx?ItemNo=B032382204&scoredtype=0&keyword=ipad
NONE,"배송비 3,000원","170,000",애플 뉴아이패드 3세대 A1416 64GB WiFi,http://through.auction.co.kr/common/SafeRedirect.aspx?&next=http://itempage3.auction.co.kr/DetailView.aspx?ItemNo=B032380353&scoredtype=0&keyword=ipad
NONE,"배송비 3,000원","170,000",아이패드4세대 A1458 32GB,http://through.auction.co.kr/common/SafeRedirect.aspx?&next=http://itempage3.auction.co.kr/DetailView.aspx?ItemNo=B032380244&scoredtype=0&keyword=ipad
2018-12-22 오후 2:55:28,무료 배송,"380,000",아이패드미니4 32G LTE+wifi,http://through.auction.co.kr/common/SafeRedirect.aspx?&next=http://itempage3.auction.co.kr/DetailView.aspx?ItemNo=B616315519&scoredtype=0&keyword=ipad
NONE,"배송비 2,800원","9,000",태블릿 PC 파우치/iPad 파우치 (8-9인치 20 x 26센티),http://through.auction.co.kr/common/SafeRedirect.aspx?&next=http://itempage3.auction.co.kr/DetailView.aspx?ItemNo=B032369901&scoredtype=0&keyword=ipad
NONE,"배송비 3,500원","289,000","삼성태블릿PC/갤럭시노트프로/아이폰,갤럭시/아이패드",http://through.auction.co.kr/common/SafeRedirect.aspx?&next=http://itempage3.auction.co.kr/DetailView.aspx?ItemNo=B032366929&scoredtype=0&keyword=ipad
2018-12-22 오전 1:26:36,무료 배송,"160,000",애플 아이패드프로12.9 2세대 가죽슬리브,http://through.auction.co.kr/common/SafeRedirect.aspx?&next=http://itempage3.auction.co.kr/DetailView.aspx?ItemNo=B616200093&scoredtype=0&keyword=ipad
NONE,"배송비 2,800원","50,000","아이탭 블루투스 키보드케이스 블랙 아이패드2, 뉴아이패드, 아이패드4",http://through.auction.co.kr/common/SafeRedirect.aspx?&next=http://itempage3.auction.co.kr/DetailView.aspx?ItemNo=B032360498&scoredtype=0&keyword=ipad
2018-12-22 오전 12:18:40,무료 배송,"400,000",애플 아이패드 에어2 LTE 128g 스그 풀박스 (A+급),http://through.auction.co.kr/common/SafeRedirect.aspx?&next=http://itempage3.auction.co.kr/DetailView.aspx?ItemNo=B616183043&scoredtype=0&keyword=ipad
2018-12-21 오후 11:19:32,무료 배송,"300,000",애플 아이패드 에어2 wifi 64g 스그 풀박스 (A급),http://through.auction.co.kr/common/SafeRedirect.aspx?&next=http://itempage3.auction.co.kr/DetailView.aspx?ItemNo=B616174112&scoredtype=0&keyword=ipad
2018-12-21 오후 9:17:18,"배송비 3,000원","110,000",애플 아이패드미니1 WiFi 16GB A1432,http://through.auction.co.kr/common/SafeRedirect.aspx?&next=http://itempage3.auction.co.kr/DetailView.aspx?ItemNo=B616150992&scoredtype=0&keyword=ipad
2018-12-21 오후 5:22:35,무료 배송,"1,149,000",아이패드프로 10.5 512기가 셀룰러 로즈골드 국내판,http://through.auction.co.kr/common/SafeRedirect.aspx?&next=http://itempage3.auction.co.kr/DetailView.aspx?ItemNo=B616079813&scoredtype=0&keyword=ipad
2018-12-21 오후 3:16:11,무료 배송,"120,500",애플 아이패드 미니1 iPad Mini1 WiFi 16GB B+급 N5,http://through.auction.co.kr/common/SafeRedirect.aspx?&next=http://itempage3.auction.co.kr/DetailView.aspx?ItemNo=B616026521&scoredtype=0&keyword=ipad
2018-12-21 오후 12:28:23,무료 배송,"127,000",APPLE 아이패드2 IPAD2 A1395 16기가 WiFi A급 M2,http://through.auction.co.kr/common/SafeRedirect.aspx?&next=http://itempage3.auction.co.kr/DetailView.aspx?ItemNo=B615973188&scoredtype=0&keyword=ipad
2018-12-21 오후 12:58:12,무료 배송,"1,000,000",아이패드프로12.9/새상품/리퍼(키보드+펜슬,http://through.auction.co.kr/common/SafeRedirect.aspx?&next=http://itempage3.auction.co.kr/DetailView.aspx?ItemNo=B615940865&scoredtype=0&keyword=ipad
NONE,"배송비 4,000원","172,000",애플 아이패드 에어1 32GB,http://through.auction.co.kr/common/SafeRedirect.aspx?&next=http://itempage3.auction.co.kr/DetailView.aspx?ItemNo=B032337941&scoredtype=0&keyword=ipad
2018-12-21 오전 1:02:45,무료 배송,"215,000",아이패드미니2 iPadMINI2 A1489 WiFi 16기가 S급 M3,http://through.auction.co.kr/common/SafeRedirect.aspx?&next=http://itempage3.auction.co.kr/DetailView.aspx?ItemNo=B615847643&scoredtype=0&keyword=ipad
2018-12-21 오전 3:34:45,"배송비 3,000원","189,000",iPad 아이패드3 16GB SKT WIFI A1430 태블릿 중고 D,http://through.auction.co.kr/common/SafeRedirect.aspx?&next=http://itempage3.auction.co.kr/DetailView.aspx?ItemNo=B615867340&scoredtype=0&keyword=ipad
2018-12-21 오전 11:33:42,무료 배송,"595,000",Apple 애플 아이패드프로9.7 중고 S/A/B급 전시 중고,http://through.auction.co.kr/common/SafeRedirect.aspx?&next=http://itempage3.auction.co.kr/DetailView.aspx?ItemNo=B615953115&scoredtype=0&keyword=ipad
2018-12-21 오전 11:54:01,무료 배송,"575,000",Apple 애플 아이패드프로9.7 중고 S/A/B급 전시 중고,http://through.auction.co.kr/common/SafeRedirect.aspx?&next=http://itempage3.auction.co.kr/DetailView.aspx?ItemNo=B615961106&scoredtype=0&keyword=ipad
2018-12-21 오후 12:31:04,무료 배송,"126,000",APPLE 아이패드2 IPAD2 A1395 16기가 WiFi A급 M2,http://through.auction.co.kr/common/SafeRedirect.aspx?&next=http://itempage3.auction.co.kr/DetailView.aspx?ItemNo=B615974089&scoredtype=0&keyword=ipad
2018-12-21 오후 6:39:39,무료 배송,"100,000",Apple iPad 애플 아이패드2 중고 S/A/B급 전시 중고,http://through.auction.co.kr/common/SafeRedirect.aspx?&next=http://itempage3.auction.co.kr/DetailView.aspx?ItemNo=B616109130&scoredtype=0&keyword=ipad
2018-12-20 오후 7:32:57,"배송비 3,000원","229,000",아이패드 에어1 와이파이 16기가 A급 풀박스,http://through.auction.co.kr/common/SafeRedirect.aspx?&next=http://itempage3.auction.co.kr/DetailView.aspx?ItemNo=B615771102&scoredtype=0&keyword=ipad
NONE,무료 배송,"90,000",아이패드1세대,http://through.auction.co.kr/common/SafeRedirect.aspx?&next=http://itempage3.auction.co.kr/DetailView.aspx?ItemNo=B032325999&scoredtype=0&keyword=ipad
2018-12-20 오전 12:42:34,무료 배송,"480,000",애플 아이패드 6세대 와이파이 128G 미개봉 새제품,http://through.auction.co.kr/common/SafeRedirect.aspx?&next=http://itempage3.auction.co.kr/DetailView.aspx?ItemNo=B615406310&scoredtype=0&keyword=ipad
2018-12-20 오후 5:14:20,무료 배송,"115,000",Apple 애플 아이패드미니1 중고 S/A/B급 전시 중고,http://through.auction.co.kr/common/SafeRedirect.aspx?&next=http://itempage3.auction.co.kr/DetailView.aspx?ItemNo=B615716749&scoredtype=0
2018-12-19 오후 11:12:13,"배송비 3,000원","313,000",아이패드 에어1 와이파이 128g A급 풀박스,http://through.auction.co.kr/common/SafeRedirect.aspx?&next=http://itempage3.auction.co.kr/DetailView.aspx?ItemNo=B615383585&scoredtype=0
2018-12-23 오후 6:59:41,무료 배송,"170,000",뉴아이패드 3세대 64GB Wifi A1416 본품+케이스케이블,http://through.auction.co.kr/common/SafeRedirect.aspx?&next=http://itempage3.auction.co.kr/DetailView.aspx?ItemNo=B615199576&scoredtype=0
NONE,무료 배송,"590,000",아이패드프로 셀룰러 128G 스마트키보드 실리콘케이스,http://through.auction.co.kr/common/SafeRedirect.aspx?&next=http://itempage3.auction.co.kr/DetailView.aspx?ItemNo=B032288696&scoredtype=0
NONE,무료 배송,"122,000",아이패드 3세대 32G 특A 팝니다!,http://through.auction.co.kr/common/SafeRedirect.aspx?&next=http://itempage3.auction.co.kr/DetailView.aspx?ItemNo=B032283552&scoredtype=0
2018-12-19 오후 1:55:24,무료 배송,"195,000",아이패드 미니3(Retina) 16G WiFI/중고아이패드미니,http://through.auction.co.kr/common/SafeRedirect.aspx?&next=http://itempage3.auction.co.kr/DetailView.aspx?ItemNo=B615146887&scoredtype=0
2018-12-23 오후 1:02:32,무료 배송,"349,000",Ipad Air2 64G wifi A1566,http://through.auction.co.kr/common/SafeRedirect.aspx?&next=http://itempage3.auction.co.kr/DetailView.aspx?ItemNo=B614932141&scoredtype=0
NONE,무료 배송,"397,000",아이패드에어2 128기가 셀룰러,http://through.auction.co.kr/common/SafeRedirect.aspx?&next=http://itempage3.auction.co.kr/DetailView.aspx?ItemNo=B032281998&scoredtype=0
2018-12-18 오후 10:56:00,"배송비 5,000원","870,000",아이패드프로2세대 10.5 (512GB),http://through.auction.co.kr/common/SafeRedirect.aspx?&next=http://itempage3.auction.co.kr/DetailView.aspx?ItemNo=B614921964&scoredtype=0
2018-12-18 오후 10:54:13,"배송비 3,000원","345,000",아이패드에어2 64g 골드 다기펜 케이스 새것,http://through.auction.co.kr/common/SafeRedirect.aspx?&next=http://itempage3.auction.co.kr/DetailView.aspx?ItemNo=B614920641&scoredtype=0
2018-12-18 오후 10:32:33,무료 배송,"300,000",아이패드 에어2 wifi 64G Gold (Ipad air2),http://through.auction.co.kr/common/SafeRedirect.aspx?&next=http://itempage3.auction.co.kr/DetailView.aspx?ItemNo=B614917086&scoredtype=0
2018-12-18 오후 7:13:32,무료 배송,"720,000",아이패드프로10.5로즈골드256기가셀룰러 판매,http://through.auction.co.kr/common/SafeRedirect.aspx?&next=http://itempage3.auction.co.kr/DetailView.aspx?ItemNo=B614867175&scoredtype=0
2018-12-18 오후 6:47:04,무료 배송,"280,000",애플 아이패드 에어 (wifi) - 128G,http://through.auction.co.kr/common/SafeRedirect.aspx?&next=http://itempage3.auction.co.kr/DetailView.aspx?ItemNo=B614857706&scoredtype=0
2018-12-18 오후 6:13:45,무료 배송,"1,090,000",아이패드프로2 12.9 512G wifi,http://through.auction.co.kr/common/SafeRedirect.aspx?&next=http://itempage3.auction.co.kr/DetailView.aspx?ItemNo=B614844151&scoredtype=0
2018-12-19 오후 10:25:10,무료 배송,"169,000",프라다 아이패드 케이스 아이패드 에어용 새상품,http://through.auction.co.kr/common/SafeRedirect.aspx?&next=http://itempage3.auction.co.kr/DetailView.aspx?ItemNo=B614814714&scoredtype=0
2018-12-18 오후 4:17:35,"배송비 5,000원","860,000",아이패드프로 10.5 샐룰러 256 펜슬,http://through.auction.co.kr/common/SafeRedirect.aspx?&next=http://itempage3.auction.co.kr/DetailView.aspx?ItemNo=B614785216&scoredtype=0
2018-12-18 오후 3:43:05,무료 배송,"350,000",뉴아이패드 9.7 2017 와이파이 128기가,http://through.auction.co.kr/common/SafeRedirect.aspx?&next=http://itempage3.auction.co.kr/DetailView.aspx?ItemNo=B614768501&scoredtype=0
2018-12-18 오후 2:25:00,무료 배송,"175,000",NEW IPAD3  RETINA 32G WIFI,http://through.auction.co.kr/common/SafeRedirect.aspx?&next=http://itempage3.auction.co.kr/DetailView.aspx?ItemNo=B614724980&scoredtype=0
2018-12-18 오후 12:23:22,"배송비 3,000원","249,000",아이패드 에어1 와이파이 32기가 A급 풀박스,http://through.auction.co.kr/common/SafeRedirect.aspx?&next=http://itempage3.auction.co.kr/DetailView.aspx?ItemNo=B614678290&scoredtype=0
2018-12-18 오전 11:44:16,"배송비 3,000원","249,000",아이패드 에어1 32기가 A급 풀박스,http://through.auction.co.kr/common/SafeRedirect.aspx?&next=http://itempage3.auction.co.kr/DetailView.aspx?ItemNo=B614661879&scoredtype=0
NONE,"배송비 5,000원","250,000",아이패드4,http://through.auction.co.kr/common/SafeRedirect.aspx?&next=http://itempage3.auction.co.kr/DetailView.aspx?ItemNo=B032262354&scoredtype=0
2018-12-18 오후 3:57:48,무료 배송,"730,000",Apple 애플 아이패드프로12.9 중고 S/A/B급 전시 중고,http://through.auction.co.kr/common/SafeRedirect.aspx?&next=http://itempage3.auction.co.kr/DetailView.aspx?ItemNo=B614775406&scoredtype=0
2018-12-18 오후 10:03:39,"배송비 2,500원","140,000",아이패드 2세대 스페이스그레이 16g A급,http://through.auction.co.kr/common/SafeRedirect.aspx?&next=http://itempage3.auction.co.kr/DetailView.aspx?ItemNo=B614275110&scoredtype=0
2018-12-17 오전 11:39:09,"배송비 4,000원","370,000",아이패드5세대 셀룰러 128 GB 골드 9.7,http://through.auction.co.kr/common/SafeRedirect.aspx?&next=http://itempage3.auction.co.kr/DetailView.aspx?ItemNo=B614264860&scoredtype=0
2018-12-17 오전 3:28:22,무료 배송,"123,000",APPLE 아이패드2 IPAD2 A1396 16기가 WiFi+3G M7,http://through.auction.co.kr/common/SafeRedirect.aspx?&next=http://itempage3.auction.co.kr/DetailView.aspx?ItemNo=B614163783&scoredtype=0
2018-12-19 오전 8:30:17,무료 배송,"149,000",아이패드미니 iPadMini1 A1432 WiFi 32기가 A급 M7,http://through.auction.co.kr/common/SafeRedirect.aspx?&next=http://itempage3.auction.co.kr/DetailView.aspx?ItemNo=B614167632&scoredtype=0
2018-12-17 오후 5:14:40,무료 배송,"815,000",Apple 애플 아이패드프로12.9 중고 S/A/B급 전시 중고,http://through.auction.co.kr/common/SafeRedirect.aspx?&next=http://itempage3.auction.co.kr/DetailView.aspx?ItemNo=B614400791&scoredtype=0
2018-12-16 오전 9:41:13,"배송비 3,000원","142,000",대용량 32G 이쁜 아이패드 미니1 화이트,http://through.auction.co.kr/common/SafeRedirect.aspx?&next=http://itempage3.auction.co.kr/DetailView.aspx?ItemNo=B613966153&scoredtype=0
2018-12-16 오전 9:40:37,"배송비 3,000원","152,000",A급 대용량 32G 깨끗하고 이쁜 아이패드 미니1 화이트,http://through.auction.co.kr/common/SafeRedirect.aspx?&next=http://itempage3.auction.co.kr/DetailView.aspx?ItemNo=B613966073&scoredtype=0
2018-12-16 오전 7:17:35,무료 배송,"125,000",아이패드2 A1396 32GB 셀룰러 LTE,http://through.auction.co.kr/common/SafeRedirect.aspx?&next=http://itempage3.auction.co.kr/DetailView.aspx?ItemNo=B613946691&scoredtype=0
2018-12-19 오전 10:56:32,무료 배송,"770,000",아이패드프로 2세대 10.5 256G Wifi 애플펜슬,http://through.auction.co.kr/common/SafeRedirect.aspx?&next=http://itempage3.auction.co.kr/DetailView.aspx?ItemNo=B613399096&scoredtype=0
2018-12-14 오후 5:27:40,무료 배송,"950,000",아이패드 2세대 10.5 256 LTE+WIFI,http://through.auction.co.kr/common/SafeRedirect.aspx?&next=http://itempage3.auction.co.kr/DetailView.aspx?ItemNo=B613395520&scoredtype=0
2018-12-23 오전 10:40:34,무료 배송,"900,000",(미개봉) 아이패드 프로 10.5 와이파이 512G,http://through.auction.co.kr/common/SafeRedirect.aspx?&next=http://itempage3.auction.co.kr/DetailView.aspx?ItemNo=B613383076&scoredtype=0
2018-12-15 오후 9:03:08,무료 배송,"800,000",IPadpro 10.5 256g wifi 골드,http://through.auction.co.kr/common/SafeRedirect.aspx?&next=http://itempage3.auction.co.kr/DetailView.aspx?ItemNo=B613250012&scoredtype=0
2018-12-14 오후 5:08:59,무료 배송,"815,000",Apple 아이패드프로10.5인치 중고 S/A/B급 전시,http://through.auction.co.kr/common/SafeRedirect.aspx?&next=http://itempage3.auction.co.kr/DetailView.aspx?ItemNo=B613384055&scoredtype=0
2018-12-13 오후 10:33:24,무료 배송,"1,295,000",안전거래 거래중) 아이패드3세대,http://through.auction.co.kr/common/SafeRedirect.aspx?&next=http://itempage3.auction.co.kr/DetailView.aspx?ItemNo=B613045925&scoredtype=0
2018-12-17 오후 1:02:51,무료 배송,"730,000",아이패드 프로 10.5  512G  wifi 용  뒤커버 있음.,http://through.auction.co.kr/common/SafeRedirect.aspx?&next=http://itempage3.auction.co.kr/DetailView.aspx?ItemNo=B612687958&scoredtype=0
2018-12-13 오전 2:43:03,"배송비 2,500원","7,200",(개똥이네) (중고 - ??) 아이폰 아이패드 앱 만들기,http://through.auction.co.kr/common/SafeRedirect.aspx?&next=http://itempage3.auction.co.kr/DetailView.aspx?ItemNo=B612618885&scoredtype=0
2018-12-13 오후 6:04:15,무료 배송,"839,000",(중고)아이패드프로10.5 256기가 셀룰러 스마트키보드,http://through.auction.co.kr/common/SafeRedirect.aspx?&next=http://itempage3.auction.co.kr/DetailView.aspx?ItemNo=B612923945&scoredtype=0
2018-12-13 오후 8:19:29,무료 배송,"200,000",아이패드미니2세대(가격내림),http://through.auction.co.kr/common/SafeRedirect.aspx?&next=http://itempage3.auction.co.kr/DetailView.aspx?ItemNo=B612553263&scoredtype=0
2018-12-12 오전 1:42:55,"배송비 2,500원","6,400",(개똥이네) (중고 - ??) 아이패드2 쉽게배우기,http://through.auction.co.kr/common/SafeRedirect.aspx?&next=http://itempage3.auction.co.kr/DetailView.aspx?ItemNo=B612208269&scoredtype=0
2018-12-11 오후 12:31:04,무료 배송,"480,000",애플 아이패드 6세대 와이파이 128G 미개봉 새제품,http://through.auction.co.kr/common/SafeRedirect.aspx?&next=http://itempage3.auction.co.kr/DetailView.aspx?ItemNo=B611883371&scoredtype=0
2018-12-21 오후 11:06:16,"배송비 3,500원","100,000",아이패드2 블랙ㆍ32Gㆍ충전기ㆍ파우치,http://through.auction.co.kr/common/SafeRedirect.aspx?&next=http://itempage3.auction.co.kr/DetailView.aspx?ItemNo=B611618088&scoredtype=0
2018-12-10 오후 6:00:41,"배송비 4,500원","85,000",아이패드2 중고 wifi 16gb,http://through.auction.co.kr/common/SafeRedirect.aspx?&next=http://itempage3.auction.co.kr/DetailView.aspx?ItemNo=B611543170&scoredtype=0
2018-12-21 오전 6:29:47,무료 배송,"147,000",아이패드미니 iPADMiNi A1455 WiFi+LTE 16기가 M3,http://through.auction.co.kr/common/SafeRedirect.aspx?&next=http://itempage3.auction.co.kr/DetailView.aspx?ItemNo=B610430658&scoredtype=0
2018-12-07 오후 9:19:35,무료 배송,"154,000",아이패드미니 iPadMini1 A1432 WiFi 32기가 A급 M3,http://through.auction.co.kr/common/SafeRedirect.aspx?&next=http://itempage3.auction.co.kr/DetailView.aspx?ItemNo=B610790823&scoredtype=0
2018-12-07 오후 10:45:27,무료 배송,"145,000",APPLE 아이패드2 A1396 32GB WiFi+셀룰러 M3,http://through.auction.co.kr/common/SafeRedirect.aspx?&next=http://itempage3.auction.co.kr/DetailView.aspx?ItemNo=B610813054&scoredtype=0
2018-12-06 오후 10:51:06,무료 배송,"95,000",아이패드 프로 12.9 애플정품 슬리브,http://through.auction.co.kr/common/SafeRedirect.aspx?&next=http://itempage3.auction.co.kr/DetailView.aspx?ItemNo=B610396677&scoredtype=0
2018-12-06 오전 2:50:41,무료 배송,"153,000",APPLE 아이패드2 A1396 32GB WiFi+셀룰러 A급 M6,http://through.auction.co.kr/common/SafeRedirect.aspx?&next=http://itempage3.auction.co.kr/DetailView.aspx?ItemNo=B610018869&scoredtype=0
2018-12-16 오전 1:30:17,무료 배송,"165,000",APPLE 아이패드3 iPAD3 A1416 32기가 WiFi M6,http://through.auction.co.kr/common/SafeRedirect.aspx?&next=http://itempage3.auction.co.kr/DetailView.aspx?ItemNo=B610033063&scoredtype=0
2018-12-09 오후 8:35:55,무료 배송,"15,000",아이패드프로9.7  풀악세사리,http://through.auction.co.kr/common/SafeRedirect.aspx?&next=http://itempage3.auction.co.kr/DetailView.aspx?ItemNo=B609685522&scoredtype=0
2018-12-04 오후 11:42:11,"배송비 2,500원","350,000",아이패드 에어2 Wifi 128G 실버,http://through.auction.co.kr/common/SafeRedirect.aspx?&next=http://itempage3.auction.co.kr/DetailView.aspx?ItemNo=B609521314&scoredtype=0
2018-12-04 오후 11:28:23,"배송비 4,000원","299,000",A급 아이패드4 64기가 셀룰러 레티나 IPAD IPAD4,http://through.auction.co.kr/common/SafeRedirect.aspx?&next=http://itempage3.auction.co.kr/DetailView.aspx?ItemNo=B609516791&scoredtype=0
2018-12-04 오후 11:27:40,"배송비 4,000원","244,000",A급 아이패드3 64기가 와이파이 레티나 디스플레이,http://through.auction.co.kr/common/SafeRedirect.aspx?&next=http://itempage3.auction.co.kr/DetailView.aspx?ItemNo=B609516577&scoredtype=0
2018-12-04 오후 11:27:22,"배송비 4,000원","239,000",애플 아이패드에어 iPad Air Wi-Fi 16GB,http://through.auction.co.kr/common/SafeRedirect.aspx?&next=http://itempage3.auction.co.kr/DetailView.aspx?ItemNo=B609516485&scoredtype=0
2018-12-04 오후 11:27:00,"배송비 4,000원","239,000",특A급 아이패드 미니 64기가 IPAD MINI 셀룰러,http://through.auction.co.kr/common/SafeRedirect.aspx?&next=http://itempage3.auction.co.kr/DetailView.aspx?ItemNo=B609516363&scoredtype=0
2018-12-04 오후 11:26:20,"배송비 4,000원","169,000",아이패드2 32기가 셀룰러 IPAD IPAD2 블랙,http://through.auction.co.kr/common/SafeRedirect.aspx?&next=http://itempage3.auction.co.kr/DetailView.aspx?ItemNo=B609516152&scoredtype=0
2018-12-04 오후 11:26:03,"배송비 4,000원","239,000",애플 아이패드에어 iPad Air Wi-Fi 16GB,http://through.auction.co.kr/common/SafeRedirect.aspx?&next=http://itempage3.auction.co.kr/DetailView.aspx?ItemNo=B609516059&scoredtype=0
2018-12-04 오후 11:24:59,"배송비 4,000원","333,000",애플 아이패드에어 iPad Air 4G+Wi-Fi 64GB 레티나,http://through.auction.co.kr/common/SafeRedirect.aspx?&next=http://itempage3.auction.co.kr/DetailView.aspx?ItemNo=B609515758&scoredtype=0
2018-12-04 오후 11:24:41,"배송비 4,000원","359,000",A급 애플 아이패드에어2 iPad Air2 Wi-Fi 64GB,http://through.auction.co.kr/common/SafeRedirect.aspx?&next=http://itempage3.auction.co.kr/DetailView.aspx?ItemNo=B609515689&scoredtype=0
2018-12-04 오후 11:24:04,"배송비 4,000원","289,000",특 A급 애플 아이패드에어 iPad Air Wi-Fi + LTE 32GB,http://through.auction.co.kr/common/SafeRedirect.aspx?&next=http://itempage3.auction.co.kr/DetailView.aspx?ItemNo=B609515524&scoredtype=0
2018-12-04 오후 11:23:49,"배송비 4,000원","319,000",A급 애플 아이패드에어 iPad Air Wi-Fi 64GB,http://through.auction.co.kr/common/SafeRedirect.aspx?&next=http://itempage3.auction.co.kr/DetailView.aspx?ItemNo=B609515481&scoredtype=0
2018-12-04 오후 11:22:14,"배송비 4,000원","299,900",A급 애플 64GB 아이패드4 레티나 iPad4 셀룰러,http://through.auction.co.kr/common/SafeRedirect.aspx?&next=http://itempage3.auction.co.kr/DetailView.aspx?ItemNo=B609515035&scoredtype=0
2018-12-04 오후 11:21:59,"배송비 4,000원","245,000",A급 애플 64GB 아이패드3 레티나 iPad3 뉴아이패드W,http://through.auction.co.kr/common/SafeRedirect.aspx?&next=http://itempage3.auction.co.kr/DetailView.aspx?ItemNo=B609514956&scoredtype=0
2018-12-04 오후 11:21:18,"배송비 4,000원","209,000",A급 애플 32GB 아이패드3 레티나 iPad3 셀룰러 블랙,http://through.auction.co.kr/common/SafeRedirect.aspx?&next=http://itempage3.auction.co.kr/DetailView.aspx?ItemNo=B609514743&scoredtype=0
2018-12-04 오후 11:20:48,"배송비 4,000원","249,000",A급 애플 32GB 아이패드 미니2 iPad MINI2 레티나,http://through.auction.co.kr/common/SafeRedirect.aspx?&next=http://itempage3.auction.co.kr/DetailView.aspx?ItemNo=B609514582&scoredtype=0
2018-12-04 오후 11:20:19,"배송비 4,000원","199,000",A급 애플 32GB 아이패드3 레티나 iPad3  셀룰러,http://through.auction.co.kr/common/SafeRedirect.aspx?&next=http://itempage3.auction.co.kr/DetailView.aspx?ItemNo=B609514441&scoredtype=0
2018-12-19 오후 5:33:47,무료 배송,"349,000",(중고)아이패드미니4 32기가 WIFI 골드 A1538,http://through.auction.co.kr/common/SafeRedirect.aspx?&next=http://itempage3.auction.co.kr/DetailView.aspx?ItemNo=B609453863&scoredtype=0
2018-12-03 오전 4:11:57,"배송비 3,000원","34,900",4 아이팟터치4세대 A1367 8GB MP3 iPad WIFI 중고 H33,http://through.auction.co.kr/common/SafeRedirect.aspx?&next=http://itempage3.auction.co.kr/DetailView.aspx?ItemNo=B608654712&scoredtype=0
2018-12-02 오후 4:46:17,무료 배송,"230,000",아이패드 3  32G Wifi,http://through.auction.co.kr/common/SafeRedirect.aspx?&next=http://itempage3.auction.co.kr/DetailView.aspx?ItemNo=B608494166&scoredtype=0
2018-12-02 오후 3:12:10,무료 배송,"230,000",아이패드 에어2 64G wifi Ipad air2 64G,http://through.auction.co.kr/common/SafeRedirect.aspx?&next=http://itempage3.auction.co.kr/DetailView.aspx?ItemNo=B608466825&scoredtype=0
2018-12-02 오전 2:31:32,"배송비 3,000원","29,000",아이패드2 iPad A1395 16GB 태블릿 비번X 부품용 64,http://through.auction.co.kr/common/SafeRedirect.aspx?&next=http://itempage3.auction.co.kr/DetailView.aspx?ItemNo=B608310487&scoredtype=0
2018-12-02 오후 9:03:25,무료 배송,"129,000",애플 아이패드미니 iPadMini1 A1432 WiFi 16GB M6,http://through.auction.co.kr/common/SafeRedirect.aspx?&next=http://itempage3.auction.co.kr/DetailView.aspx?ItemNo=B608573114&scoredtype=0
2018-12-02 오후 9:44:15,무료 배송,"139,000",애플 아이패드미니 iPadMini1 A1432 WiFi 16GB A급 M6,http://through.auction.co.kr/common/SafeRedirect.aspx?&next=http://itempage3.auction.co.kr/DetailView.aspx?ItemNo=B608583674&scoredtype=0
2018-12-01 오전 2:49:45,"배송비 3,000원","35,900",iPad 아이패드1 32GB A1337 부팅불가 액정 부품용 72,http://through.auction.co.kr/common/SafeRedirect.aspx?&next=http://itempage3.auction.co.kr/DetailView.aspx?ItemNo=B607940170&scoredtype=0
2018-12-01 오전 3:16:07,"배송비 3,000원","35,900",iPad 아이패드2 A1396 16GB 비활성화 부품용 본체만72,http://through.auction.co.kr/common/SafeRedirect.aspx?&next=http://itempage3.auction.co.kr/DetailView.aspx?ItemNo=B607946930&scoredtype=0
2018-11-28 오후 11:14:52,무료 배송,"450,000",아이패드 미니4  와이파이전용,http://through.auction.co.kr/common/SafeRedirect.aspx?&next=http://itempage3.auction.co.kr/DetailView.aspx?ItemNo=B607029393&scoredtype=0
2018-11-27 오전 8:05:47,"배송비 2,000원","8,500",(중고) 아이패드 미니 UsingBible : 스마트 라이프를 위한 아이패드 미니의 모든 것 - 이규민,http://through.auction.co.kr/common/SafeRedirect.aspx?&next=http://itempage3.auction.co.kr/DetailView.aspx?ItemNo=B606176576&scoredtype=0
2018-11-26 오전 9:30:23,무료 배송,"149,000",아이패드 프로 12.9용 스마트 키보드 커버,http://through.auction.co.kr/common/SafeRedirect.aspx?&next=http://itempage3.auction.co.kr/DetailView.aspx?ItemNo=B605786721&scoredtype=0
2018-12-14 오후 6:23:16,"배송비 2,500원","6,340",(개똥이네) (중고 - ??) 아이패드 쉽게배우기,http://through.auction.co.kr/common/SafeRedirect.aspx?&next=http://itempage3.auction.co.kr/DetailView.aspx?ItemNo=B604668675&scoredtype=0
2018-11-19 오후 9:52:11,무료 배송,"170,000",아이패드 프로 12.9 스마트폴리오 케이스,http://through.auction.co.kr/common/SafeRedirect.aspx?&next=http://itempage3.auction.co.kr/DetailView.aspx?ItemNo=B603057677&scoredtype=0
2018-12-07 오후 3:33:34,"배송비 2,500원","459,000",아이패드5/ 32기가 / 골드 /  미개봉,http://through.auction.co.kr/common/SafeRedirect.aspx?&next=http://itempage3.auction.co.kr/DetailView.aspx?ItemNo=B602941348&scoredtype=0
2018-11-17 오전 9:51:25,"배송비 3,000원","199,000",아이패드 에어2 64기가 화면 이상 확인,http://through.auction.co.kr/common/SafeRedirect.aspx?&next=http://itempage3.auction.co.kr/DetailView.aspx?ItemNo=B602140829&scoredtype=0
2018-11-16 오후 11:47:23,무료 배송,"100,000",아이페드 1  무료배송,http://through.auction.co.kr/common/SafeRedirect.aspx?&next=http://itempage3.auction.co.kr/DetailView.aspx?ItemNo=B601997123&scoredtype=0
2018-11-16 오후 11:41:15,무료 배송,"130,000",아이패드2   대용량 32기가   무료배송,http://through.auction.co.kr/common/SafeRedirect.aspx?&next=http://itempage3.auction.co.kr/DetailView.aspx?ItemNo=B601995116&scoredtype=0
2018-11-24 오후 12:37:44,"배송비 2,500원","467,000",아이패드5/ 32기가 / 골드 /  미개봉,http://through.auction.co.kr/common/SafeRedirect.aspx?&next=http://itempage3.auction.co.kr/DetailView.aspx?ItemNo=B600706013&scoredtype=0
2018-11-14 오후 3:38:01,무료 배송,"530,000",애플 아이패드 미니 3 Wi-Fi  Cellular 64GB,http://through.auction.co.kr/common/SafeRedirect.aspx?&next=http://itempage3.auction.co.kr/DetailView.aspx?ItemNo=B600625580&scoredtype=0
2018-11-14 오전 11:16:47,무료 배송,"550,000",ipad 6세대 wifi 128,http://through.auction.co.kr/common/SafeRedirect.aspx?&next=http://itempage3.auction.co.kr/DetailView.aspx?ItemNo=B600492707&scoredtype=0
2018-11-13 오후 9:42:40,무료 배송,"289,000",아이패드 9.7 32기가 2017,http://through.auction.co.kr/common/SafeRedirect.aspx?&next=http://itempage3.auction.co.kr/DetailView.aspx?ItemNo=B600306334&scoredtype=0
2018-11-10 오전 8:52:20,무료 배송,"89,000",아이패드 프로 12.9용 스마트 키보드 커버,http://through.auction.co.kr/common/SafeRedirect.aspx?&next=http://itempage3.auction.co.kr/DetailView.aspx?ItemNo=B598835689&scoredtype=0
2018-11-09 오후 3:16:40,"배송비 2,500원","150,000",아이패드2 64G,http://through.auction.co.kr/common/SafeRedirect.aspx?&next=http://itempage3.auction.co.kr/DetailView.aspx?ItemNo=B598397583&scoredtype=0
2018-11-07 오후 12:16:26,"배송비 2,500원","400,000",애플아이패드 9.7 2018년 6세대 WIFI,http://through.auction.co.kr/common/SafeRedirect.aspx?&next=http://itempage3.auction.co.kr/DetailView.aspx?ItemNo=B597261606&scoredtype=0
2018-12-10 오후 6:52:52,"배송비 2,500원","459,000",아이패드5/ 32기가 / 골드 /  미개봉,http://through.auction.co.kr/common/SafeRedirect.aspx?&next=http://itempage3.auction.co.kr/DetailView.aspx?ItemNo=B597254565&scoredtype=0
2018-12-10 오후 6:53:09,"배송비 2,500원","459,000",아이패드5/ 32기가 / 실버 /  미개봉,http://through.auction.co.kr/common/SafeRedirect.aspx?&next=http://itempage3.auction.co.kr/DetailView.aspx?ItemNo=B597253600&scoredtype=0
2018-11-07 오전 10:27:13,무료 배송,"1,500,000",아이패드 10.5 갤탭4 일괄정리,http://through.auction.co.kr/common/SafeRedirect.aspx?&next=http://itempage3.auction.co.kr/DetailView.aspx?ItemNo=B597209112&scoredtype=0
2018-11-29 오후 10:56:27,무료 배송,"1,000,000",아이패드프로 10.5 256GB + 애플펜슬 + 스마트키보드,http://through.auction.co.kr/common/SafeRedirect.aspx?&next=http://itempage3.auction.co.kr/DetailView.aspx?ItemNo=B597002716&scoredtype=0
2018-11-06 오전 10:28:51,무료 배송,"785,000",아이패드 프로 10.5 256기가 2세대,http://through.auction.co.kr/common/SafeRedirect.aspx?&next=http://itempage3.auction.co.kr/DetailView.aspx?ItemNo=B596736394&scoredtype=0
2018-11-06 오전 1:38:37,"배송비 3,000원","39,000",아이패드 iPad 애플 먹통 부품용 고장 수리 중고 90,http://through.auction.co.kr/common/SafeRedirect.aspx?&next=http://itempage3.auction.co.kr/DetailView.aspx?ItemNo=B596620531&scoredtype=0
2018-11-06 오전 1:42:30,"배송비 3,000원","65,900",아이패드 iPad 애플KTF A1337 32GB 부팅불가 부품용90,http://through.auction.co.kr/common/SafeRedirect.aspx?&next=http://itempage3.auction.co.kr/DetailView.aspx?ItemNo=B596621236&scoredtype=0
2018-11-06 오전 1:45:54,"배송비 3,000원","49,000",아이패드 iPad 애플 A1219 64GB 부팅불가 부품용 90,http://through.auction.co.kr/common/SafeRedirect.aspx?&next=http://itempage3.auction.co.kr/DetailView.aspx?ItemNo=B596621893&scoredtype=0
2018-11-06 오전 1:49:01,"배송비 3,000원","49,000",아이패드3세대 A1416 iPad 32GB 태블릿 먹통 부품용90,http://through.auction.co.kr/common/SafeRedirect.aspx?&next=http://itempage3.auction.co.kr/DetailView.aspx?ItemNo=B596622420&scoredtype=0
2018-11-06 오전 2:00:32,"배송비 3,000원","49,000",아이패드 A1219 iPad 16GB 태블릿 금감 작동 본체만90,http://through.auction.co.kr/common/SafeRedirect.aspx?&next=http://itempage3.auction.co.kr/DetailView.aspx?ItemNo=B596624708&scoredtype=0
2018-11-06 오전 2:04:55,"배송비 3,000원","39,000",아이패드3세대 A1416 iPad 16GB액정금감 먹통부품용91,http://through.auction.co.kr/common/SafeRedirect.aspx?&next=http://itempage3.auction.co.kr/DetailView.aspx?ItemNo=B596625635&scoredtype=0
2018-11-06 오전 3:22:21,"배송비 3,000원","69,000",아이패드2세대 A1395 16GB 액정깨짐 작동 부품용 90,http://through.auction.co.kr/common/SafeRedirect.aspx?&next=http://itempage3.auction.co.kr/DetailView.aspx?ItemNo=B596639096&scoredtype=0
2018-11-06 오후 4:22:14,무료 배송,"900,000",아이패드 프로 10.5 LTE+WiFi 256GB + 애플 펜슬/중고,http://through.auction.co.kr/common/SafeRedirect.aspx?&next=http://itempage3.auction.co.kr/DetailView.aspx?ItemNo=B596916294&scoredtype=0
2018-11-03 오전 2:01:23,"배송비 2,500원","6,400",(개똥이네)아이패드2 쉽게배우기,http://through.auction.co.kr/common/SafeRedirect.aspx?&next=http://itempage3.auction.co.kr/DetailView.aspx?ItemNo=B595653195&scoredtype=0
2018-11-25 오후 9:00:00,"배송비 2,800원","450,000",아이패드에어2 16G wifi 미개봉새상품,http://through.auction.co.kr/common/SafeRedirect.aspx?&next=http://itempage3.auction.co.kr/DetailView.aspx?ItemNo=B594987304&scoredtype=0
2018-11-01 오후 6:38:19,"배송비 2,800원","550,000",아이패드에어2 A1566 16G wifi새상품,http://through.auction.co.kr/common/SafeRedirect.aspx?&next=http://itempage3.auction.co.kr/DetailView.aspx?ItemNo=B594964256&scoredtype=0
2018-12-02 오후 8:54:11,"배송비 2,800원","400,000",아이패드에어2 A1566 16G와이파이 미개봉,http://through.auction.co.kr/common/SafeRedirect.aspx?&next=http://itempage3.auction.co.kr/DetailView.aspx?ItemNo=B594962514&scoredtype=0
2018-11-01 오후 12:08:15,"배송비 2,500원","6,000",아이폰 아이패드 아이팟충전용 30핀 변환젠더,http://through.auction.co.kr/common/SafeRedirect.aspx?&next=http://itempage3.auction.co.kr/DetailView.aspx?ItemNo=B594764098&scoredtype=0
2018-12-09 오후 7:26:20,무료 배송,"880,000",아이패드프로 10.5 512G 셀룰러,http://through.auction.co.kr/common/SafeRedirect.aspx?&next=http://itempage3.auction.co.kr/DetailView.aspx?ItemNo=B594088542&scoredtype=0
2018-11-22 오후 8:10:43,"배송비 2,800원","250,000",아이패드에어1 32G A1474 wifi,http://through.auction.co.kr/common/SafeRedirect.aspx?&next=http://itempage3.auction.co.kr/DetailView.aspx?ItemNo=B593711787&scoredtype=0
2018-10-30 오전 7:43:39,"배송비 3,500원","120,000",아이패드 3 와이파이 셀룰러 32기가,http://through.auction.co.kr/common/SafeRedirect.aspx?&next=http://itempage3.auction.co.kr/DetailView.aspx?ItemNo=B593614216&scoredtype=0
2018-12-20 오후 6:03:59,무료 배송,"950,000",아이패드 Pro 12.9 Cellular,http://through.auction.co.kr/common/SafeRedirect.aspx?&next=http://itempage3.auction.co.kr/DetailView.aspx?ItemNo=B593258650&scoredtype=0
2018-10-29 오전 11:08:13,"배송비 2,500원","199,000",아이패드 미니 할인애플정품중고 IPAD mini,http://through.auction.co.kr/common/SafeRedirect.aspx?&next=http://itempage3.auction.co.kr/DetailView.aspx?ItemNo=B593199758&scoredtype=0
2018-10-29 오전 11:08:15,"배송비 2,500원","139,000",아이패드2 할인애플정품중고 IPAD2,http://through.auction.co.kr/common/SafeRedirect.aspx?&next=http://itempage3.auction.co.kr/DetailView.aspx?ItemNo=B593200096&scoredtype=0
2018-10-29 오전 11:11:10,"배송비 2,500원","89,000",아이패드1  할인애플정품중고 IPAD1,http://through.auction.co.kr/common/SafeRedirect.aspx?&next=http://itempage3.auction.co.kr/DetailView.aspx?ItemNo=B593201070&scoredtype=0
2018-10-29 오전 11:08:13,"배송비 2,500원","189,000",아이패드3 할인애플정품중고 IPAD3,http://through.auction.co.kr/common/SafeRedirect.aspx?&next=http://itempage3.auction.co.kr/DetailView.aspx?ItemNo=B593201158&scoredtype=0
2018-12-21 오후 6:20:57,무료 배송,"345,000",Apple 애플 아이패드에어2 중고 S/A/B급 전시 중고,http://through.auction.co.kr/common/SafeRedirect.aspx?&next=http://itempage3.auction.co.kr/DetailView.aspx?ItemNo=B591880801&scoredtype=0
2018-10-23 오후 12:40:24,"배송비 2,800원","280,000",아이패드에어1 A1475 LTE 32G,http://through.auction.co.kr/common/SafeRedirect.aspx?&next=http://itempage3.auction.co.kr/DetailView.aspx?ItemNo=B590644958&scoredtype=0
2018-10-23 오후 12:37:31,"배송비 2,800원","280,000",아이패드에어1 A1475 LTE 32G,http://through.auction.co.kr/common/SafeRedirect.aspx?&next=http://itempage3.auction.co.kr/DetailView.aspx?ItemNo=B590558354&scoredtype=0
2018-10-23 오전 6:12:11,"배송비 3,000원","99,000",PHILIPS iPad Dock 오디오 iPhone 32GB MP3 A1303 20,http://through.auction.co.kr/common/SafeRedirect.aspx?&next=http://itempage3.auction.co.kr/DetailView.aspx?ItemNo=B590491138&scoredtype=0
2018-10-29 오후 12:22:09,"배송비 2,800원","230,000",아이패드에어1 32기가  A1474 와이파이,http://through.auction.co.kr/common/SafeRedirect.aspx?&next=http://itempage3.auction.co.kr/DetailView.aspx?ItemNo=B590411142&scoredtype=0
2018-10-12 오전 10:45:06,무료 배송,"1,405,000",구구스에르메스아이패드케이스R{NO6555338},http://through.auction.co.kr/common/SafeRedirect.aspx?&next=http://itempage3.auction.co.kr/DetailView.aspx?ItemNo=B585557193&scoredtype=0
2018-10-11 오후 11:08:18,"배송비 2,500원","20,000",STM 블레이저 d7 아이패드 미니용 파우치 가방,http://through.auction.co.kr/common/SafeRedirect.aspx?&next=http://itempage3.auction.co.kr/DetailView.aspx?ItemNo=B585461530&scoredtype=0
2018-10-10 오전 11:21:45,"배송비 2,500원","14,300",유아태블릿 아이패드 차량용 뒷자석 거치대/테블,http://through.auction.co.kr/common/SafeRedirect.aspx?&next=http://itempage3.auction.co.kr/DetailView.aspx?ItemNo=B584751031&scoredtype=0
2018-11-08 오전 11:47:09,무료 배송,"35,000",Calvin Klein 아이패드 미니 1~3 케이스,http://through.auction.co.kr/common/SafeRedirect.aspx?&next=http://itempage3.auction.co.kr/DetailView.aspx?ItemNo=B581714135&scoredtype=0
2018-09-25 오전 11:30:51,무료 배송,"349,000",아이패드 에어1 64기가 셀룰러 스페이스그레이,http://through.auction.co.kr/common/SafeRedirect.aspx?&next=http://itempage3.auction.co.kr/DetailView.aspx?ItemNo=B580096969&scoredtype=0
2018-09-17 오후 2:42:33,"배송비 2,500원","20,000",LG모니터 IP AD 보드 24MB35P SMPS,http://through.auction.co.kr/common/SafeRedirect.aspx?&next=http://itempage3.auction.co.kr/DetailView.aspx?ItemNo=B577557855&scoredtype=0
2018-09-17 오후 3:00:59,"배송비 2,500원","20,000",삼성모니터 S22C450 LS22C45K IP AD 보드,http://through.auction.co.kr/common/SafeRedirect.aspx?&next=http://itempage3.auction.co.kr/DetailView.aspx?ItemNo=B577564609&scoredtype=0
2018-09-17 오후 3:20:44,"배송비 2,500원","20,000",삼성모니터 LS22E45K S22E450 IP AD 보드,http://through.auction.co.kr/common/SafeRedirect.aspx?&next=http://itempage3.auction.co.kr/DetailView.aspx?ItemNo=B577572786&scoredtype=0
2018-09-17 오후 3:32:24,"배송비 2,500원","18,000",삼성모니터 E2020 CB20WS IP AD 보드 IP-29155A BN91,http://through.auction.co.kr/common/SafeRedirect.aspx?&next=http://itempage3.auction.co.kr/DetailView.aspx?ItemNo=B577578613&scoredtype=0
2018-09-13 오후 11:18:09,무료 배송,"153,000",APPLE 아이패드2 A1396 32GB WiFi+셀룰러 N3,http://through.auction.co.kr/common/SafeRedirect.aspx?&next=http://itempage3.auction.co.kr/DetailView.aspx?ItemNo=B576361292&scoredtype=0
2018-09-09 오전 8:07:46,"배송비 2,000원","6,000",(중고) iPad Using Bible : 스마트 라이프를 위한 아이패드의 모든 것 - 이규민,http://through.auction.co.kr/common/SafeRedirect.aspx?&next=http://itempage3.auction.co.kr/DetailView.aspx?ItemNo=B574286019&scoredtype=0
2018-09-07 오전 8:10:54,"배송비 2,000원","16,700",(중고) iPhone/iPad로 스마트하게 진료하자 - 이우치 히로유키,http://through.auction.co.kr/common/SafeRedirect.aspx?&next=http://itempage3.auction.co.kr/DetailView.aspx?ItemNo=B573527395&scoredtype=0
2018-12-15 오후 8:49:57,"배송비 3,000원","50,000",아이패드1 32기가 3G/Wifi 모델 수리요망,http://through.auction.co.kr/common/SafeRedirect.aspx?&next=http://itempage3.auction.co.kr/DetailView.aspx?ItemNo=B572557483&scoredtype=0
2018-10-12 오후 5:25:31,"배송비 2,500원","47,700",배터리 애플 A1546 iPad mini 4 A1550 A1538 020-0029,http://through.auction.co.kr/common/SafeRedirect.aspx?&next=http://itempage3.auction.co.kr/DetailView.aspx?ItemNo=B570063243&scoredtype=0
2018-08-20 오후 7:32:43,무료 배송,"1,387,100",미개봉/애플아이패드프로10.5/골드/512GB/LTE/태블릿,http://through.auction.co.kr/common/SafeRedirect.aspx?&next=http://itempage3.auction.co.kr/DetailView.aspx?ItemNo=B567031808&scoredtype=0
2018-09-10 오후 5:49:53,"배송비 2,000원","7,500",(중고)도와주세요  뉴아이패드가 생겼어요 : iPad+App 활용 사전 (iOS5 1 사용자 포함)  이윤환,http://through.auction.co.kr/common/SafeRedirect.aspx?&next=http://itempage3.auction.co.kr/DetailView.aspx?ItemNo=B566259067&scoredtype=0
2018-12-21 오전 10:50:22,"배송비 2,500원","45,580",배터리 iPad Pro 9.7 A1664 BL-IP019 020-00857 A1674,http://through.auction.co.kr/common/SafeRedirect.aspx?&next=http://itempage3.auction.co.kr/DetailView.aspx?ItemNo=B565860889&scoredtype=0
2018-07-31 오전 2:15:54,"배송비 3,000원","95,000",아이패드3 iPad A1430 태블릿 액정손상 터치됨 중고63,http://through.auction.co.kr/common/SafeRedirect.aspx?&next=http://itempage3.auction.co.kr/DetailView.aspx?ItemNo=B560673317&scoredtype=0
2018-07-30 오전 2:53:59,"배송비 3,000원","129,000",애플 아이패드2 32GB A1396 iPad 작동 태블릿 중고 50,http://through.auction.co.kr/common/SafeRedirect.aspx?&next=http://itempage3.auction.co.kr/DetailView.aspx?ItemNo=B560342528&scoredtype=0
2018-07-30 오전 2:58:07,"배송비 3,000원","39,000",아이패드2 16GB WIFI A1395 전원버튼고장 액정손상 63,http://through.auction.co.kr/common/SafeRedirect.aspx?&next=http://itempage3.auction.co.kr/DetailView.aspx?ItemNo=B560342805&scoredtype=0
2018-09-29 오전 12:02:12,"배송비 3,000원","69,000",아이패드 16GB A1219 WIFI 작동 태블릿 중고 작동 63,http://through.auction.co.kr/common/SafeRedirect.aspx?&next=http://itempage3.auction.co.kr/DetailView.aspx?ItemNo=B560343108&scoredtype=0
2018-07-30 오후 7:00:30,"배송비 2,500원","18,000",IPAD 홈버튼 A1670 12.9 821-00895-03Z HOME BUTTON,http://through.auction.co.kr/common/SafeRedirect.aspx?&next=http://itempage3.auction.co.kr/DetailView.aspx?ItemNo=B560578492&scoredtype=0
2018-09-06 오전 8:33:54,무료 배송,"12,000",(중고)아이폰 개발자를 위한 아이패드 프로그래밍  잭 너팅 데이브 울드리지 데이브 마크,http://through.auction.co.kr/common/SafeRedirect.aspx?&next=http://itempage3.auction.co.kr/DetailView.aspx?ItemNo=B558276610&scoredtype=0
2018-07-21 오전 5:05:52,"배송비 3,000원","59,000",iPad 아이패드 16GB A1337 부팅불가 태블릿 부품용 74,http://through.auction.co.kr/common/SafeRedirect.aspx?&next=http://itempage3.auction.co.kr/DetailView.aspx?ItemNo=B557489082&scoredtype=0
2018-09-06 오후 9:37:06,"배송비 2,000원","6,000",(중고)아이고 아이패드 iGo iPad : 재미있는 소설 속 이야기와 함께 알아보는 신기한 아이패드 활용법 ...,http://through.auction.co.kr/common/SafeRedirect.aspx?&next=http://itempage3.auction.co.kr/DetailView.aspx?ItemNo=B553050609&scoredtype=0
2018-11-19 오후 4:40:10,"배송비 2,800원","109,900",아이패드3/2/미니 할인애플정품중고 IPAD3/2/1,http://through.auction.co.kr/common/SafeRedirect.aspx?&next=http://itempage3.auction.co.kr/DetailView.aspx?ItemNo=B550430322&scoredtype=0
,"배송비 2,000원","7,650",(중고)아이패드 퍼펙트 매뉴얼 : 친절하고 꼼꼼한 사용설명서  폴 맥페드리스,http://through.auction.co.kr/common/SafeRedirect.aspx?&next=http://itempage3.auction.co.kr/DetailView.aspx?ItemNo=B549264130&scoredtype=0
,무료 배송,"535,000",구구스버버리프로섬와니아이패드케이스{NO1268520},http://through.auction.co.kr/common/SafeRedirect.aspx?&next=http://itempage3.auction.co.kr/DetailView.aspx?ItemNo=B548701711&scoredtype=0
,"배송비 2,000원","7,650",(중고)아이패드 퍼펙트 매뉴얼 : 친절하고 꼼꼼한 사용설명서  폴 맥페드리스,http://through.auction.co.kr/common/SafeRedirect.aspx?&next=http://itempage3.auction.co.kr/DetailView.aspx?ItemNo=B546501516&scoredtype=0
,"배송비 2,500원","20,000",삼성 CX2243BW IP AD 보드 CX2243,http://through.auction.co.kr/common/SafeRedirect.aspx?&next=http://itempage3.auction.co.kr/DetailView.aspx?ItemNo=B543700112&scoredtype=0
,"배송비 3,000원","89,000",아이패드3 A1430 16GB iPad 작동 부품 액정 터치됨 B7,http://through.auction.co.kr/common/SafeRedirect.aspx?&next=http://itempage3.auction.co.kr/DetailView.aspx?ItemNo=B542186799&scoredtype=0
,"배송비 2,000원","5,340",(중고)아이패드2 Using Bible : 스마트 라이프를 위한 아이패드2의 모든 것  이규민,http://through.auction.co.kr/common/SafeRedirect.aspx?&next=http://itempage3.auction.co.kr/DetailView.aspx?ItemNo=B542275508&scoredtype=0
,무료 배송,"1,085,000",Apple 아이패드프로12.9(2세대) 중고 S/A/B급 전시,http://through.auction.co.kr/common/SafeRedirect.aspx?&next=http://itempage3.auction.co.kr/DetailView.aspx?ItemNo=B542331563&scoredtype=0
,"배송비 2,500원","35,000",배터리 애플 iPad mini A1445 616-0688 616-0687 3.72,http://through.auction.co.kr/common/SafeRedirect.aspx?&next=http://itempage3.auction.co.kr/DetailView.aspx?ItemNo=B542522979&scoredtype=0
,"배송비 2,000원","6,320",(중고)아이폰 + 아이패드 업무탐구생활  김재석 윤창현,http://through.auction.co.kr/common/SafeRedirect.aspx?&next=http://itempage3.auction.co.kr/DetailView.aspx?ItemNo=B541416719&scoredtype=0
,"배송비 2,500원","41,340",배터리 애플 A1577 IPad Pro 020-00015 3.77V 3.88W,http://through.auction.co.kr/common/SafeRedirect.aspx?&next=http://itempage3.auction.co.kr/DetailView.aspx?ItemNo=B540949118&scoredtype=0
,"배송비 2,000원","6,000",(중고)iPhone + iPad x Google Apps 업무활용백서  나카지마 시게오,http://through.auction.co.kr/common/SafeRedirect.aspx?&next=http://itempage3.auction.co.kr/DetailView.aspx?ItemNo=B538171091&scoredtype=0
,"배송비 2,000원","9,600",(중고)(특급)스마트 세일즈 - 아이폰 아이패드 안드로이드폰을 활용한 보험 세일즈 노하우,http://through.auction.co.kr/common/SafeRedirect.aspx?&next=http://itempage3.auction.co.kr/DetailView.aspx?ItemNo=B535738930&scoredtype=0
,무료 배송,"18,000",(중고)Professional iPhone   iPad Application Development 한국어판 : 실전 앱 개발부터 마켓 진출까...,http://through.auction.co.kr/common/SafeRedirect.aspx?&next=http://itempage3.auction.co.kr/DetailView.aspx?ItemNo=B535946667&scoredtype=0
,무료 배송,"17,500",(중고)iOS  날개를 달다 : 아론 힐리가스의 아이폰 아이패드 프로그래밍  아론 힐리가스 조 콘웨이,http://through.auction.co.kr/common/SafeRedirect.aspx?&next=http://itempage3.auction.co.kr/DetailView.aspx?ItemNo=B534465780&scoredtype=0
,"배송비 3,000원","50,000",iPad/애플아이패드(중고/NO테스트),http://through.auction.co.kr/common/SafeRedirect.aspx?&next=http://itempage3.auction.co.kr/DetailView.aspx?ItemNo=B533191702&scoredtype=0
,"배송비 2,500원","109,900",아이패드3/2/미니 할인애플정품중고 IPAD3/2/1,http://through.auction.co.kr/common/SafeRedirect.aspx?&next=http://itempage3.auction.co.kr/DetailView.aspx?ItemNo=B529461669&scoredtype=0
,"배송비 2,500원","99,000",중고 삼성LG7인치8인치태블릿PC갤럭시탭/아이패드_07,http://through.auction.co.kr/common/SafeRedirect.aspx?&next=http://itempage3.auction.co.kr/DetailView.aspx?ItemNo=B526067155&scoredtype=0
,"배송비 2,500원","99,000",중고 삼성LG7인치8인치태블릿PC갤럭시탭/아이패드_13,http://through.auction.co.kr/common/SafeRedirect.aspx?&next=http://itempage3.auction.co.kr/DetailView.aspx?ItemNo=B526067379&scoredtype=0
,"배송비 2,500원","99,000",중고 삼성LG7인치8인치태블릿PC갤럭시탭/아이패드_18,http://through.auction.co.kr/common/SafeRedirect.aspx?&next=http://itempage3.auction.co.kr/DetailView.aspx?ItemNo=B526067567&scoredtype=0
,"배송비 2,500원","99,000",중고 삼성LG7인치8인치태블릿PC갤럭시탭/아이패드_22,http://through.auction.co.kr/common/SafeRedirect.aspx?&next=http://itempage3.auction.co.kr/DetailView.aspx?ItemNo=B526067758&scoredtype=0
,"배송비 2,500원","99,000",중고 삼성LG7인치8인치태블릿PC갤럭시탭/아이패드_24,http://through.auction.co.kr/common/SafeRedirect.aspx?&next=http://itempage3.auction.co.kr/DetailView.aspx?ItemNo=B526067825&scoredtype=0
,"배송비 2,500원","99,000",중고 삼성LG7인치8인치태블릿PC갤럭시탭/아이패드_25,http://through.auction.co.kr/common/SafeRedirect.aspx?&next=http://itempage3.auction.co.kr/DetailView.aspx?ItemNo=B526067861&scoredtype=0
,"배송비 2,500원","99,000",중고 삼성LG7인치8인치태블릿PC갤럭시탭/아이패드_30,http://through.auction.co.kr/common/SafeRedirect.aspx?&next=http://itempage3.auction.co.kr/DetailView.aspx?ItemNo=B526068054&scoredtype=0
,"배송비 3,000원","49,000",아이패드 iPad 32GB A1395 먹통 액정 배터리 부품용86,http://through.auction.co.kr/common/SafeRedirect.aspx?&next=http://itempage3.auction.co.kr/DetailView.aspx?ItemNo=B522262058&scoredtype=0
,"배송비 3,000원","59,000",아이패드iPad 32GB A1395 비활성화 액정금감 부품용86,http://through.auction.co.kr/common/SafeRedirect.aspx?&next=http://itempage3.auction.co.kr/DetailView.aspx?ItemNo=B522262521&scoredtype=0
,"배송비 3,000원","45,900",애플 아이패드 A1395 iPad 액정파손 부품용 16GB H22,http://through.auction.co.kr/common/SafeRedirect.aspx?&next=http://itempage3.auction.co.kr/DetailView.aspx?ItemNo=B517241405&scoredtype=0
,"배송비 3,000원","75,900",애플 아이패드 A1396 iPad 16GB 액정고장 터치됨  H22,http://through.auction.co.kr/common/SafeRedirect.aspx?&next=http://itempage3.auction.co.kr/DetailView.aspx?ItemNo=B517242712&scoredtype=0
,"배송비 2,500원","50,000",IPAD(아답터없음/NO테스트),http://through.auction.co.kr/common/SafeRedirect.aspx?&next=http://itempage3.auction.co.kr/DetailView.aspx?ItemNo=B517043966&scoredtype=0
,무료 배송,"132,950",애플 아이패드 2 16GB/64GB 전시/리퍼/중고 g,http://through.auction.co.kr/common/SafeRedirect.aspx?&next=http://itempage3.auction.co.kr/DetailView.aspx?ItemNo=B514973918&scoredtype=0
,무료 배송,"770,000",Apple 애플 아이패드프로12.9 중고 S/A/B급 전시 중고,http://through.auction.co.kr/common/SafeRedirect.aspx?&next=http://itempage3.auction.co.kr/DetailView.aspx?ItemNo=B508671126&scoredtype=0
,"배송비 3,500원","50,000",애플/iPAD(NO테스트/부품용),http://through.auction.co.kr/common/SafeRedirect.aspx?&next=http://itempage3.auction.co.kr/DetailView.aspx?ItemNo=B508794497&scoredtype=0
,"배송비 2,500원","19,080",파워버튼케이블 애플 821-1151-A iPad 2 A1395 A1396,http://through.auction.co.kr/common/SafeRedirect.aspx?&next=http://itempage3.auction.co.kr/DetailView.aspx?ItemNo=B508363419&scoredtype=0
,"배송비 2,000원","6,750",(중고)직장인을 위한 아이패드2 업무 활용 가이드 : 아이패드 1세대   2세대가 함께 보는 아이패드 업...,http://through.auction.co.kr/common/SafeRedirect.aspx?&next=http://itempage3.auction.co.kr/DetailView.aspx?ItemNo=B507763136&scoredtype=0
,무료 배송,"115,000",Apple 애플 아이패드미니1 중고 S/A/B급 전시 중고,http://through.auction.co.kr/common/SafeRedirect.aspx?&next=http://itempage3.auction.co.kr/DetailView.aspx?ItemNo=B506309205&scoredtype=0
,무료 배송,"510,000",애플정품 아이패드프로9.7인치 32G/Wi-Fi/전시제품,http://through.auction.co.kr/common/SafeRedirect.aspx?&next=http://itempage3.auction.co.kr/DetailView.aspx?ItemNo=B501917635&scoredtype=0
,"배송비 2,000원","7,250",(중고)아이패드2 WIDE 가이드북  NAVER 스마트폰카페 진대연 한정진,http://through.auction.co.kr/common/SafeRedirect.aspx?&next=http://itempage3.auction.co.kr/DetailView.aspx?ItemNo=B502049053&scoredtype=0
,무료 배송,"310,400",애플아이패드2/32GB셀룰러WiFi/iPad2/공기계/무료배송,http://through.auction.co.kr/common/SafeRedirect.aspx?&next=http://itempage3.auction.co.kr/DetailView.aspx?ItemNo=B499973630&scoredtype=0
,"배송비 4,000원","168,800",ipad a1395 32gb 저렴,http://through.auction.co.kr/common/SafeRedirect.aspx?&next=http://itempage3.auction.co.kr/DetailView.aspx?ItemNo=B497823808&scoredtype=0
,"배송비 3,000원","99,000",iPad 16GB 아이패드 A1395 태블릿PC 터치됨 부품용 72,http://through.auction.co.kr/common/SafeRedirect.aspx?&next=http://itempage3.auction.co.kr/DetailView.aspx?ItemNo=B496452204&scoredtype=0
,무료 배송,"339,500",애플아이패드미니2/32GB/화이트/WiFi/mini2/무료배송,http://through.auction.co.kr/common/SafeRedirect.aspx?&next=http://itempage3.auction.co.kr/DetailView.aspx?ItemNo=B496701583&scoredtype=0
,무료 배송,"291,000",애플뉴아이패드3화이트32GB/WiFi/태블릿/전국무료배송,http://through.auction.co.kr/common/SafeRedirect.aspx?&next=http://itempage3.auction.co.kr/DetailView.aspx?ItemNo=B496708634&scoredtype=0
,무료 배송,"950,600",애플아이패드프로10.5/골드/256GB/태블릿/무료배송,http://through.auction.co.kr/common/SafeRedirect.aspx?&next=http://itempage3.auction.co.kr/DetailView.aspx?ItemNo=B495485912&scoredtype=0
,"배송비 2,000원","5,600",(중고)아이패드 퍼펙트 가이드북  최현민,http://through.auction.co.kr/common/SafeRedirect.aspx?&next=http://itempage3.auction.co.kr/DetailView.aspx?ItemNo=B493365720&scoredtype=0
,"배송비 2,000원","4,500",(중고)아이패드 2 iPad 2 활용 백서  김명준,http://through.auction.co.kr/common/SafeRedirect.aspx?&next=http://itempage3.auction.co.kr/DetailView.aspx?ItemNo=B490803097&scoredtype=0
,"배송비 2,500원","175,000",리퍼 제품 정품 아이패드 프로12.9 스마트 키보드,http://through.auction.co.kr/common/SafeRedirect.aspx?&next=http://itempage3.auction.co.kr/DetailView.aspx?ItemNo=B489217777&scoredtype=0
,"배송비 2,000원","4,500",(중고)아이패드 혁명 : 애플과 태블릿PC가 만드는 라이프   비즈니스 쇼크  김광현 김성우 류한석,http://through.auction.co.kr/common/SafeRedirect.aspx?&next=http://itempage3.auction.co.kr/DetailView.aspx?ItemNo=B485081007&scoredtype=0
,"배송비 2,000원","2,000",(중고)아이패드 쇼크 : 손안에 들어온 두 번째 디지털 혁명  하야시 노부유키,http://through.auction.co.kr/common/SafeRedirect.aspx?&next=http://itempage3.auction.co.kr/DetailView.aspx?ItemNo=B478034379&scoredtype=0
,"배송비 2,000원","7,200",(중고)스마트 세일즈 : 아이폰 아이패드 안드로이드폰을 활용한 보험 세일즈 노하우  김종욱 이연주,http://through.auction.co.kr/common/SafeRedirect.aspx?&next=http://itempage3.auction.co.kr/DetailView.aspx?ItemNo=B473165537&scoredtype=0
,무료 배송,"291,000",애플아이패드미니2/16GB/화이트/WiFi/mini2/무료배송,http://through.auction.co.kr/common/SafeRedirect.aspx?&next=http://itempage3.auction.co.kr/DetailView.aspx?ItemNo=B471022721&scoredtype=0
,"배송비 2,000원","5,250",(중고)애플  성공 신화의 비밀 : 아이패드 vs 갤럭시탭 : 많이 팔리는 게 이기는 걸까   김정남,http://through.auction.co.kr/common/SafeRedirect.aspx?&next=http://itempage3.auction.co.kr/DetailView.aspx?ItemNo=B469080671&scoredtype=0
,"배송비 2,000원","6,800",(중고)키노트 가이드북 Keynote Guide Book for macintosh   iPad : 스티브잡스식 감성 프레젠테이션의...,http://through.auction.co.kr/common/SafeRedirect.aspx?&next=http://itempage3.auction.co.kr/DetailView.aspx?ItemNo=B397027408&scoredtype=0
,무료 배송,"12,250",(중고)iOS  날개를 달다 : 아론 힐리가스의 아이폰 아이패드 프로그래밍  아론 힐리가스 조 콘웨이,http://through.auction.co.kr/common/SafeRedirect.aspx?&next=http://itempage3.auction.co.kr/DetailView.aspx?ItemNo=B468070678&scoredtype=0
,"배송비 2,000원","5,920",(중고)아이폰 4   아이패드 완전정복 : 모바일 스타일리시 라이프 100배 즐기기,http://through.auction.co.kr/common/SafeRedirect.aspx?&next=http://itempage3.auction.co.kr/DetailView.aspx?ItemNo=B467328432&scoredtype=0
,"배송비 3,000원","199,000",iPad 애플 A1416 64GB 아이패드3 태블릿 중고 양호 55,http://through.auction.co.kr/common/SafeRedirect.aspx?&next=http://itempage3.auction.co.kr/DetailView.aspx?ItemNo=B462967119&scoredtype=0
,"배송비 2,000원","3,500",(중고) 아이패드 혁명 : 애플과 태블릿PC가 만드는 라이프  비즈니스 쇼크 - 류한석 / 명승은 / 예병일 /,http://through.auction.co.kr/common/SafeRedirect.aspx?&next=http://itempage3.auction.co.kr/DetailView.aspx?ItemNo=B458788825&scoredtype=0
,"배송비 2,000원","5,500",(중고) 아이폰과 아이패드 애플의 전략 : 새로운 차원의 디지털 혁명이 온다 - 최용석,http://through.auction.co.kr/common/SafeRedirect.aspx?&next=http://itempage3.auction.co.kr/DetailView.aspx?ItemNo=B458788884&scoredtype=0
2018-01-11 오후 7:22:09,"배송비 2,000원","5,000",(중고) 아이폰과 아이패드 애플의 전략 : 새로운 차원의 디지털 혁명이 온다 - 최용석,http://through.auction.co.kr/common/SafeRedirect.aspx?&next=http://itempage3.auction.co.kr/DetailView.aspx?ItemNo=B458790830&scoredtype=0
,"배송비 2,000원","4,000",(중고) 아이폰과 아이패드 애플의 전략 : 새로운 차원의 디지털 혁명이 온다 - 최용석,http://through.auction.co.kr/common/SafeRedirect.aspx?&next=http://itempage3.auction.co.kr/DetailView.aspx?ItemNo=B458795789&scoredtype=0
,"배송비 2,000원","6,700",(중고) 아이패드 혁명 : 애플과 태블릿PC가 만드는 라이프  비즈니스 쇼크 - 류한석 / 명승은 / 예병일 /,http://through.auction.co.kr/common/SafeRedirect.aspx?&next=http://itempage3.auction.co.kr/DetailView.aspx?ItemNo=B458809170&scoredtype=0
,"배송비 2,000원","4,500",(중고) 아이패드 혁명 : 애플과 태블릿PC가 만드는 라이프  비즈니스 쇼크 - 류한석 / 명승은 / 예병일 /,http://through.auction.co.kr/common/SafeRedirect.aspx?&next=http://itempage3.auction.co.kr/DetailView.aspx?ItemNo=B458810143&scoredtype=0
,"배송비 2,000원","5,000",(중고) 공병호의 모바일 혁명 : 아이폰+아이패드 트위터미래 - 공병호,http://through.auction.co.kr/common/SafeRedirect.aspx?&next=http://itempage3.auction.co.kr/DetailView.aspx?ItemNo=B458813220&scoredtype=0
,"배송비 2,000원","5,000",(중고) 공병호의 모바일 혁명 : 아이폰+아이패드 트위터미래 - 공병호,http://through.auction.co.kr/common/SafeRedirect.aspx?&next=http://itempage3.auction.co.kr/DetailView.aspx?ItemNo=B458815889&scoredtype=0
,"배송비 2,000원","4,000",(중고) 아이폰과 아이패드 애플의 전략 : 새로운 차원의 디지털 혁명이 온다 - 최용석,http://through.auction.co.kr/common/SafeRedirect.aspx?&next=http://itempage3.auction.co.kr/DetailView.aspx?ItemNo=B458820126&scoredtype=0
,"배송비 2,000원","12,000",(중고) Learn iPhone and iPad cocos2d Game Development : The Leading Framework for Building 2d Graphi,http://through.auction.co.kr/common/SafeRedirect.aspx?&next=http://itempage3.auction.co.kr/DetailView.aspx?ItemNo=B458988868&scoredtype=0
,무료 배송,"261,900",애플/아이패드미니/32GB/WiFi공기계태블릿PC/무료배송,http://through.auction.co.kr/common/SafeRedirect.aspx?&next=http://itempage3.auction.co.kr/DetailView.aspx?ItemNo=B456797050&scoredtype=0
,무료 배송,"339,500",애플뉴아이패드3화이트64GB/WiFi/신동급/전국무료배송,http://through.auction.co.kr/common/SafeRedirect.aspx?&next=http://itempage3.auction.co.kr/DetailView.aspx?ItemNo=B454506538&scoredtype=0
,무료 배송,"1,028,200",애플아이패드프로9.7/화이트LTE256GB/태블릿/무료배송,http://through.auction.co.kr/common/SafeRedirect.aspx?&next=http://itempage3.auction.co.kr/DetailView.aspx?ItemNo=B454518955&scoredtype=0
,"배송비 2,000원","8,460",(중고)나는 모바일 오피스에서 일한다 : 아이폰+아이패드+구글로 실천하는 스마트워크  채종서 배준오,http://through.auction.co.kr/common/SafeRedirect.aspx?&next=http://itempage3.auction.co.kr/DetailView.aspx?ItemNo=B452681929&scoredtype=0
,"배송비 2,000원","5,950",(중고)키노트 가이드북 Keynote Guide Book for macintosh   iPad : 스티브잡스식 감성 프레젠테이션의...,http://through.auction.co.kr/common/SafeRedirect.aspx?&next=http://itempage3.auction.co.kr/DetailView.aspx?ItemNo=B450952318&scoredtype=0
,"배송비 2,000원","5,600",(중고)오프닝 아이패드 OPENING iPad  송경원 오성수,http://through.auction.co.kr/common/SafeRedirect.aspx?&next=http://itempage3.auction.co.kr/DetailView.aspx?ItemNo=B448912092&scoredtype=0
,무료 배송,"504,400",애플아이패드에어2/골드GOLD/64GB/태블릿PC/ipadair2,http://through.auction.co.kr/common/SafeRedirect.aspx?&next=http://itempage3.auction.co.kr/DetailView.aspx?ItemNo=B448241313&scoredtype=0
,"배송비 2,000원","7,500",(중고)iPhone + iPad x Google Apps 업무활용백서  나카지마 시게오,http://through.auction.co.kr/common/SafeRedirect.aspx?&next=http://itempage3.auction.co.kr/DetailView.aspx?ItemNo=B447778924&scoredtype=0
,무료 배송,"291,000",애플아이패드미니2/16GB블랙/WiFi/mini2/전국무료배송,http://through.auction.co.kr/common/SafeRedirect.aspx?&next=http://itempage3.auction.co.kr/DetailView.aspx?ItemNo=B446932946&scoredtype=0
,무료 배송,"523,800",애플아이패드에어2/64GB/스페이스그레이/전국무료배송,http://through.auction.co.kr/common/SafeRedirect.aspx?&next=http://itempage3.auction.co.kr/DetailView.aspx?ItemNo=B446935760&scoredtype=0
,무료 배송,"320,100",애플아이패드2/64GB셀룰러WiFi/iPad2/공기계/무료배송,http://through.auction.co.kr/common/SafeRedirect.aspx?&next=http://itempage3.auction.co.kr/DetailView.aspx?ItemNo=B446937550&scoredtype=0
,"배송비 2,000원","4,350",(중고)아이패드2 WIDE 가이드북  NAVER 스마트폰카페 진대연 한정진,http://through.auction.co.kr/common/SafeRedirect.aspx?&next=http://itempage3.auction.co.kr/DetailView.aspx?ItemNo=B446536594&scoredtype=0
,무료 배송,"223,100",애플/아이패드미니/16GB/WiFi공기계태블릿PC/무료배송,http://through.auction.co.kr/common/SafeRedirect.aspx?&next=http://itempage3.auction.co.kr/DetailView.aspx?ItemNo=B446448294&scoredtype=0
,무료 배송,"388,000",애플뉴아이패드3/화이트/32GB/셀룰러/WiFi/태블릿PC,http://through.auction.co.kr/common/SafeRedirect.aspx?&next=http://itempage3.auction.co.kr/DetailView.aspx?ItemNo=B446449584&scoredtype=0
,"배송비 2,000원","7,120",(중고)아이패드2 Using Bible : 스마트 라이프를 위한 아이패드2의 모든 것  이규민,http://through.auction.co.kr/common/SafeRedirect.aspx?&next=http://itempage3.auction.co.kr/DetailView.aspx?ItemNo=B444742820&scoredtype=0
,무료 배송,"11,000",(중고)강행돌파  입문자를 위한 아이폰   아이패드 앱 개발  강병우,http://through.auction.co.kr/common/SafeRedirect.aspx?&next=http://itempage3.auction.co.kr/DetailView.aspx?ItemNo=B442806448&scoredtype=0
,"배송비 2,500원","11,000",LCD테이프 애플 Ipad 9.7인치 스티커양면테이프 Tape,http://through.auction.co.kr/common/SafeRedirect.aspx?&next=http://itempage3.auction.co.kr/DetailView.aspx?ItemNo=B441702970&scoredtype=0
,"배송비 3,000원","25,900",아이패드1 애플 A1337 32GB iPad 부품용 본체만 63,http://through.auction.co.kr/common/SafeRedirect.aspx?&next=http://itempage3.auction.co.kr/DetailView.aspx?ItemNo=B438280508&scoredtype=0
,"배송비 2,500원","22,000",LG LED모니터 IP AD보드 EX2241  E2241TX,http://through.auction.co.kr/common/SafeRedirect.aspx?&next=http://itempage3.auction.co.kr/DetailView.aspx?ItemNo=B436219280&scoredtype=0
,"배송비 2,500원","22,500",삼성LED모니터 IP AD보드 LS22C45K S22C450M,http://through.auction.co.kr/common/SafeRedirect.aspx?&next=http://itempage3.auction.co.kr/DetailView.aspx?ItemNo=B436221421&scoredtype=0
,"배송비 2,000원","5,000",(중고)아이패드 미니 iPad mini Using Bible : 스마트 라이프를 위한 아이패드 미니의 모든 것  이규민,http://through.auction.co.kr/common/SafeRedirect.aspx?&next=http://itempage3.auction.co.kr/DetailView.aspx?ItemNo=B433191750&scoredtype=0
,무료 배송,"582,000",애플아이패드미니4/128GB/WiFi/태블릿PC/전국무료배송,http://through.auction.co.kr/common/SafeRedirect.aspx?&next=http://itempage3.auction.co.kr/DetailView.aspx?ItemNo=B432699600&scoredtype=0
,무료 배송,"1,212,500",애플/아이패드프로12.9골드/LTE128GB/태블릿/무료배송,http://through.auction.co.kr/common/SafeRedirect.aspx?&next=http://itempage3.auction.co.kr/DetailView.aspx?ItemNo=B432701462&scoredtype=0
,"배송비 2,000원","4,740",(중고)아이폰 + 아이패드 업무탐구생활  김재석 윤창현,http://through.auction.co.kr/common/SafeRedirect.aspx?&next=http://itempage3.auction.co.kr/DetailView.aspx?ItemNo=B431352667&scoredtype=0
,"배송비 2,000원","2,000",(중고)키노트 for iPad Using Bible  이윤환,http://through.auction.co.kr/common/SafeRedirect.aspx?&next=http://itempage3.auction.co.kr/DetailView.aspx?ItemNo=B408352429&scoredtype=0
,무료 배송,"388,000",애플정품아이패드4레티나/블랙/32GB/LTE/전국무료배송,http://through.auction.co.kr/common/SafeRedirect.aspx?&next=http://itempage3.auction.co.kr/DetailView.aspx?ItemNo=B428035031&scoredtype=0
,무료 배송,"475,300",애플아이패드에어/블랙/64GB/WiFi/테블릿PC/무료배송,http://through.auction.co.kr/common/SafeRedirect.aspx?&next=http://itempage3.auction.co.kr/DetailView.aspx?ItemNo=B427494357&scoredtype=0
,무료 배송,"1,212,500",애플아이패드프로12.9화이트LTE128GB/태블릿/무료배송,http://through.auction.co.kr/common/SafeRedirect.aspx?&next=http://itempage3.auction.co.kr/DetailView.aspx?ItemNo=B426152126&scoredtype=0
,"배송비 2,000원","6,300",(중고)아이패드 퍼펙트 가이드북  최현민,http://through.auction.co.kr/common/SafeRedirect.aspx?&next=http://itempage3.auction.co.kr/DetailView.aspx?ItemNo=B423314951&scoredtype=0
,"배송비 2,000원","13,300",(중고) Professional iPhone and iPad Database Application Programming - Patrick Alessi,http://through.auction.co.kr/common/SafeRedirect.aspx?&next=http://itempage3.auction.co.kr/DetailView.aspx?ItemNo=B422356559&scoredtype=0
,"배송비 2,000원","5,100",(중고) iPhone  iPad Apps Marketing: Secrets to Selling Your iPhone and iPad Apps : Secrets to Sellin,http://through.auction.co.kr/common/SafeRedirect.aspx?&next=http://itempage3.auction.co.kr/DetailView.aspx?ItemNo=B422257795&scoredtype=0
,"배송비 2,000원","7,800",(중고) The Business of iPhone and iPad App Development: Making and Marketing Apps That Succeed - Dav,http://through.auction.co.kr/common/SafeRedirect.aspx?&next=http://itempage3.auction.co.kr/DetailView.aspx?ItemNo=B422260645&scoredtype=0
,무료 배송,"514,100",애플아이패드에어/64GB/LTE/공기계/테블릿PC무료배송,http://through.auction.co.kr/common/SafeRedirect.aspx?&next=http://itempage3.auction.co.kr/DetailView.aspx?ItemNo=B421803099&scoredtype=0
,"배송비 2,000원","2,000",(중고)아이패드 혁명 : 애플과 태블릿PC가 만드는 라이프   비즈니스 쇼크  김광현 김성우 류한석,http://through.auction.co.kr/common/SafeRedirect.aspx?&next=http://itempage3.auction.co.kr/DetailView.aspx?ItemNo=B420071121&scoredtype=0
,"배송비 2,000원","1,500",(중고)아이패드 쇼크 : 손안에 들어온 두 번째 디지털 혁명  하야시 노부유키,http://through.auction.co.kr/common/SafeRedirect.aspx?&next=http://itempage3.auction.co.kr/DetailView.aspx?ItemNo=B420072199&scoredtype=0
,"배송비 3,000원","14,900",아이패드 iPad 32GB A1337 액정파손 먹통 부품용 64,http://through.auction.co.kr/common/SafeRedirect.aspx?&next=http://itempage3.auction.co.kr/DetailView.aspx?ItemNo=B419841249&scoredtype=0
,무료 배송,"291,000",애플뉴아이패드3/블랙/16GB/WiFi/신동급/전국무료배송,http://through.auction.co.kr/common/SafeRedirect.aspx?&next=http://itempage3.auction.co.kr/DetailView.aspx?ItemNo=B418907409&scoredtype=0
,무료 배송,"999,100",애플아이패드프로9.7/골드LTE128GB/태블릿PC/무료배송,http://through.auction.co.kr/common/SafeRedirect.aspx?&next=http://itempage3.auction.co.kr/DetailView.aspx?ItemNo=B418239604&scoredtype=0
,무료 배송,"1,105,800",애플아이패드프로9.7/골드LTE256GB/태블릿PC/무료배송,http://through.auction.co.kr/common/SafeRedirect.aspx?&next=http://itempage3.auction.co.kr/DetailView.aspx?ItemNo=B410596349&scoredtype=0
,무료 배송,"999,100",애플아이패드프로9.7/블랙LTE128GB/태블릿PC/무료배송,http://through.auction.co.kr/common/SafeRedirect.aspx?&next=http://itempage3.auction.co.kr/DetailView.aspx?ItemNo=B410601628&scoredtype=0
,무료 배송,"291,000",애플뉴아이패드3화이트16GB/WiFi/신동급/전국무료배송,http://through.auction.co.kr/common/SafeRedirect.aspx?&next=http://itempage3.auction.co.kr/DetailView.aspx?ItemNo=B410617336&scoredtype=0
,무료 배송,"116,400",애플아이패드1/16GB/WiFi태블릿/iPad/공기계/무료배송,http://through.auction.co.kr/common/SafeRedirect.aspx?&next=http://itempage3.auction.co.kr/DetailView.aspx?ItemNo=B410623363&scoredtype=0
,무료 배송,"12,250",(중고)아이폰   아이패드 인 액션 : iOS SDK를 이용한 애플리케이션 개발  브랜든 트레비토우스키 크...,http://through.auction.co.kr/common/SafeRedirect.aspx?&next=http://itempage3.auction.co.kr/DetailView.aspx?ItemNo=B408089095&scoredtype=0
,무료 배송,"339,500",애플뉴아이패드3화이트32GB/WiFi/태블릿/전국무료배송,http://through.auction.co.kr/common/SafeRedirect.aspx?&next=http://itempage3.auction.co.kr/DetailView.aspx?ItemNo=B407695351&scoredtype=0
,"배송비 3,000원","59,000",아이패드 A1395/16GB 액정깨짐 사진내용참조,http://through.auction.co.kr/common/SafeRedirect.aspx?&next=http://itempage3.auction.co.kr/DetailView.aspx?ItemNo=B406394065&scoredtype=0
,"배송비 2,500원","15,000",Apple iPad Mini 3  Apple iPad Mini 2 파워 볼륨 필,http://through.auction.co.kr/common/SafeRedirect.aspx?&next=http://itempage3.auction.co.kr/DetailView.aspx?ItemNo=B406147466&scoredtype=0
,무료 배송,"465,600",애플아이패드미니4/16GB/WiFi/태블릿PC/전국무료배송,http://through.auction.co.kr/common/SafeRedirect.aspx?&next=http://itempage3.auction.co.kr/DetailView.aspx?ItemNo=B405638936&scoredtype=0
,"배송비 2,000원","9,800",(중고)완전 초보를 위한 아이폰   아이패드 앱 개발  로리 루이스,http://through.auction.co.kr/common/SafeRedirect.aspx?&next=http://itempage3.auction.co.kr/DetailView.aspx?ItemNo=B404747750&scoredtype=0
,무료 배송,"485,000",애플아이패드미니4/16GB/WiFi/태블릿PC/전국무료배송,http://through.auction.co.kr/common/SafeRedirect.aspx?&next=http://itempage3.auction.co.kr/DetailView.aspx?ItemNo=B401825963&scoredtype=0
,무료 배송,"1,212,500",애플아이패드프로12.9/골드/128GB/태블릿PC/무료배송,http://through.auction.co.kr/common/SafeRedirect.aspx?&next=http://itempage3.auction.co.kr/DetailView.aspx?ItemNo=B401600099&scoredtype=0
,무료 배송,"494,700",애플아이패드미니3/64GB/화이트/WiFi/mini3/무료배송,http://through.auction.co.kr/common/SafeRedirect.aspx?&next=http://itempage3.auction.co.kr/DetailView.aspx?ItemNo=B401600616&scoredtype=0
,"배송비 2,000원","8,800",(중고)강행돌파  입문자를 위한 아이폰   아이패드 앱 개발  강병우,http://through.auction.co.kr/common/SafeRedirect.aspx?&next=http://itempage3.auction.co.kr/DetailView.aspx?ItemNo=B401108357&scoredtype=0
,"배송비 2,000원","9,400",(중고)아이패드 미니 iPad mini Using Bible : 스마트 라이프를 위한 아이패드 미니의 모든 것  이규민,http://through.auction.co.kr/common/SafeRedirect.aspx?&next=http://itempage3.auction.co.kr/DetailView.aspx?ItemNo=B399412955&scoredtype=0
,무료 배송,"242,500",APPLE아이패드2/블랙/WiFi/태블릿PC/전국무료배송,http://through.auction.co.kr/common/SafeRedirect.aspx?&next=http://itempage3.auction.co.kr/DetailView.aspx?ItemNo=B398742165&scoredtype=0
,무료 배송,"494,700",애플아이패드미니3/64GB/화이트/WiFi/mini3/무료배송,http://through.auction.co.kr/common/SafeRedirect.aspx?&next=http://itempage3.auction.co.kr/DetailView.aspx?ItemNo=B398421650&scoredtype=0
,무료 배송,"11,200",(중고)완전 초보를 위한 아이폰   아이패드 앱 개발  로리 루이스,http://through.auction.co.kr/common/SafeRedirect.aspx?&next=http://itempage3.auction.co.kr/DetailView.aspx?ItemNo=B397003906&scoredtype=0
,"배송비 2,000원","6,000",(중고)직장인을 위한 아이패드2 업무 활용 가이드 : 아이패드 1세대   2세대가 함께 보는 아이패드 업...,http://through.auction.co.kr/common/SafeRedirect.aspx?&next=http://itempage3.auction.co.kr/DetailView.aspx?ItemNo=B393135724&scoredtype=0
,"배송비 2,000원","4,800",(중고)아이패드2 쉽게배우기 : 한권으로 완벽하게 배우는   안창현,http://through.auction.co.kr/common/SafeRedirect.aspx?&next=http://itempage3.auction.co.kr/DetailView.aspx?ItemNo=B391903777&scoredtype=0
,"배송비 2,000원","2,000",(중고)아이폰 + 아이패드 업무탐구생활  김재석 윤창현,http://through.auction.co.kr/common/SafeRedirect.aspx?&next=http://itempage3.auction.co.kr/DetailView.aspx?ItemNo=B391926771&scoredtype=0
,"배송비 2,000원","5,800",(중고)아이패드2 WIDE 가이드북  NAVER 스마트폰카페 진대연 한정진,http://through.auction.co.kr/common/SafeRedirect.aspx?&next=http://itempage3.auction.co.kr/DetailView.aspx?ItemNo=B391978094&scoredtype=0
,"배송비 2,000원","2,000",(중고)아이패드 혁명 : 애플과 태블릿PC가 만드는 라이프   비즈니스 쇼크  김광현 김성우 류한석,http://through.auction.co.kr/common/SafeRedirect.aspx?&next=http://itempage3.auction.co.kr/DetailView.aspx?ItemNo=B390082464&scoredtype=0
,"배송비 2,000원","1,500",(중고)아이패드 혁명 : 애플과 태블릿PC가 만드는 라이프   비즈니스 쇼크  김광현 김성우 류한석,http://through.auction.co.kr/common/SafeRedirect.aspx?&next=http://itempage3.auction.co.kr/DetailView.aspx?ItemNo=B390538665&scoredtype=0
,"배송비 2,000원","2,000",(중고)아이폰과 아이패드 애플의 전략 : 새로운 차원의 디지털 혁명이 온다  최용석,http://through.auction.co.kr/common/SafeRedirect.aspx?&next=http://itempage3.auction.co.kr/DetailView.aspx?ItemNo=B390611550&scoredtype=0
,무료 배송,"1,018,500",애플아이패드프로12.9/블랙/32GB/태블릿PC/무료배송,http://through.auction.co.kr/common/SafeRedirect.aspx?&next=http://itempage3.auction.co.kr/DetailView.aspx?ItemNo=B389632450&scoredtype=0
,무료 배송,"339,500",애플아이패드2/64GB셀룰러WiFi/iPad2/공기계/무료배송,http://through.auction.co.kr/common/SafeRedirect.aspx?&next=http://itempage3.auction.co.kr/DetailView.aspx?ItemNo=B389655387&scoredtype=0
,무료 배송,"242,500",APPLE아이패드2/화이트/WiFi/태블릿PC/전국무료배송,http://through.auction.co.kr/common/SafeRedirect.aspx?&next=http://itempage3.auction.co.kr/DetailView.aspx?ItemNo=B389656190&scoredtype=0
,무료 배송,"523,800",애플아이패드에어2/32GB/스페이스그레이/전국무료배송,http://through.auction.co.kr/common/SafeRedirect.aspx?&next=http://itempage3.auction.co.kr/DetailView.aspx?ItemNo=B389029635&scoredtype=0
,무료 배송,"129,000",(중고) 아이패드/iPad2/iPad3/iPad4/iPad5/점검완료,http://through.auction.co.kr/common/SafeRedirect.aspx?&next=http://itempage3.auction.co.kr/DetailView.aspx?ItemNo=B388301779&scoredtype=0
,무료 배송,"249,000",(중고) 애플 아이패드 에어/iPad Air/점검완료,http://through.auction.co.kr/common/SafeRedirect.aspx?&next=http://itempage3.auction.co.kr/DetailView.aspx?ItemNo=B387355942&scoredtype=0
2016-12-20 오후 5:36:58,무료 배송,"399,000",전시상품급 겐조 아이패드/태블릿 케이스 클러치,http://through.auction.co.kr/common/SafeRedirect.aspx?&next=http://itempage3.auction.co.kr/DetailView.aspx?ItemNo=B383761459&scoredtype=0
2016-11-25 오후 8:52:45,"배송비 2,500원","90,000",Apple iPad mini 3 A1599 7.9 821-3291-A 새제품,http://through.auction.co.kr/common/SafeRedirect.aspx?&next=http://itempage3.auction.co.kr/DetailView.aspx?ItemNo=B377832064&scoredtype=0
2017-03-26 오후 3:56:04,"배송비 2,500원","40,950",터치(블랙)Apple iPad mini 3 A1599 7.9 821-3291-A,http://through.auction.co.kr/common/SafeRedirect.aspx?&next=http://itempage3.auction.co.kr/DetailView.aspx?ItemNo=B375877302&scoredtype=0
2018-11-17 오후 3:22:25,"배송비 2,000원","1,000",(중고)(상급)아이폰과 아이패드 애플의 전략 - 새로운 차원의 디지털 혁명이 온다,http://through.auction.co.kr/common/SafeRedirect.aspx?&next=http://itempage3.auction.co.kr/DetailView.aspx?ItemNo=B370322876&scoredtype=0
2018-08-30 오후 2:40:10,"배송비 3,000원","9,900",아이폰/아이패드/아이팟 USB충전기(A1205/A1402),http://through.auction.co.kr/common/SafeRedirect.aspx?&next=http://itempage3.auction.co.kr/DetailView.aspx?ItemNo=B366288093&scoredtype=0
2018-07-12 오후 11:25:54,"배송비 2,500원","17,000",제이씨현 Udea U220 LED모니터 IP AD보드 모티브,http://through.auction.co.kr/common/SafeRedirect.aspx?&next=http://itempage3.auction.co.kr/DetailView.aspx?ItemNo=B362871272&scoredtype=0
2018-08-25 오후 2:11:48,무료 배송,"510,000",애플정품 아이패드프로9.7인치 32G/Wi-Fi/전시제품,http://through.auction.co.kr/common/SafeRedirect.aspx?&next=http://itempage3.auction.co.kr/DetailView.aspx?ItemNo=B358554438&scoredtype=0
2016-09-01 오후 3:42:12,무료 배송,"388,000",애플아이패드에어/화이트/16GB/WiFi/5세대/태블릿PC,http://through.auction.co.kr/common/SafeRedirect.aspx?&next=http://itempage3.auction.co.kr/DetailView.aspx?ItemNo=B356243337&scoredtype=0
2016-08-17 오후 7:00:55,무료 배송,"485,000",애플정품/아이패드4레티나/블랙/64G/LTE/전국무료배송,http://through.auction.co.kr/common/SafeRedirect.aspx?&next=http://itempage3.auction.co.kr/DetailView.aspx?ItemNo=B352360966&scoredtype=0
2016-12-30 오후 6:21:30,무료 배송,"475,300",애플아이패드에어/화이트/32GB/WiFi/테블릿PC무료배송,http://through.auction.co.kr/common/SafeRedirect.aspx?&next=http://itempage3.auction.co.kr/DetailView.aspx?ItemNo=B351891713&scoredtype=0
2016-06-24 오후 4:47:51,무료 배송,"39,000",크린구제 마이클코어스 파우치 아이패드  3508,http://through.auction.co.kr/common/SafeRedirect.aspx?&next=http://itempage3.auction.co.kr/DetailView.aspx?ItemNo=B339083709&scoredtype=0
2016-06-07 오후 6:54:01,무료 배송,"514,100",애플아이패드에어/32GB/LTE/공기계/테블릿PC무료배송,http://through.auction.co.kr/common/SafeRedirect.aspx?&next=http://itempage3.auction.co.kr/DetailView.aspx?ItemNo=B333868071&scoredtype=0
2016-05-06 오후 7:33:52,무료 배송,"227,950",애플아이패드미니/16GB/IPad mini/태블릿PC/무료배송,http://through.auction.co.kr/common/SafeRedirect.aspx?&next=http://itempage3.auction.co.kr/DetailView.aspx?ItemNo=B325224173&scoredtype=0
2016-05-06 오후 7:45:20,무료 배송,"242,500",APPLE아이패드2/블랙/WiFi/태블릿PC/전국무료배송,http://through.auction.co.kr/common/SafeRedirect.aspx?&next=http://itempage3.auction.co.kr/DetailView.aspx?ItemNo=B325227081&scoredtype=0
2016-05-01 오후 5:24:42,무료 배송,"227,950",애플아이패드미니/16GB/IPad mini/태블릿PC/무료배송,http://through.auction.co.kr/common/SafeRedirect.aspx?&next=http://itempage3.auction.co.kr/DetailView.aspx?ItemNo=B323774061&scoredtype=0
2016-04-27 오후 8:06:29,무료 배송,"533,500",애플아이패드에어/32GB/LTE/공기계/테블릿PC무료배송,http://through.auction.co.kr/common/SafeRedirect.aspx?&next=http://itempage3.auction.co.kr/DetailView.aspx?ItemNo=B322931983&scoredtype=0
2018-07-01 오후 12:50:22,"배송비 2,800원","259,900",아이패드4  레티나 특가 애플정품 IPAD4 WIFI+셀룰러,http://through.auction.co.kr/common/SafeRedirect.aspx?&next=http://itempage3.auction.co.kr/DetailView.aspx?ItemNo=B314459303&scoredtype=0
2016-05-06 오후 7:45:45,무료 배송,"242,500",APPLE아이패드2/화이트/WiFi/태블릿PC/전국무료배송,http://through.auction.co.kr/common/SafeRedirect.aspx?&next=http://itempage3.auction.co.kr/DetailView.aspx?ItemNo=B312988052&scoredtype=0
