date,price,title
2018.12.25. 23:38,"150,000원",하이브리드 자전거 팝니당(crew) & 전기 자전거용 휠(알렉스 림) 
2018.12.25. 23:24,"530,000원",업그레이드한 테일지 에볼루션 전기자전거 팔아요~~ 
2018.12.25. 23:08,"550,000원",펀픽 ASKMY X01 접이식 전기 자전거 팝니다. 55만!! 
2018.12.25. 22:46,"250,000원",전기자전거 48v1000w용 베터리팝니다 
2018.12.25. 22:40,"2,000원",인모션 p1f 전기자전거 판매 타이어신품교환 
2018.12.25. 21:23,"11,111원",테일지 t7 미니벨로 전기자전거팝니다 
2018.12.25. 21:13,"420,000원",[서울] 샤오미 전기자전거 치사이클 사용감 있는 것 판매해용! 
2018.12.25. 20:32,"600,000원",알톤 쉐보레 전기자전거 CEBT21L 판매합니다. 
2018.12.25. 19:49,"420,000원",[서울] 샤오미 전기자전거 치사이클 판매합니다~ 
2018.12.25. 19:43,"700,000원",ASKMY X03 접이식 전기 자전거 팝니다. 70만!! 
2018.12.25. 19:20,"4,000원",인모션 p1f 전기자전거 판매 정식수입 타이어신품교환 
2018.12.25. 19:10,"1,300,000원",팻타이어 전기자전거 리콘 X13 가격인하 
2018.12.25. 18:41,"450,000원",테일지 전기자전거 판매합니다. 
2018.12.25. 18:30,"20,000원",리콘 전기 자전거 초특가 판매!! 
2018.12.25. 17:56,"420,000원",[서울] 샤오미 전기 자전거 치사이클 판매합니다. 
2018.12.25. 17:35,"420,000원",Qicycle 전기자전거 
2018.12.25. 17:19,"800,000원",전동스쿠터 전기스쿠터 전기바이크 전동바이크 제트봇 탈부착 씨티코코 우쿠 왕발통 퀵보드 전기자전거 전동휠 010 4952 8226 전화주세요^^80만원 
2018.12.25. 16:12,"450,000원",[부산]전기자전거 알톤 니모fd 판매합니다.(온가드락+전조등) 
2018.12.25. 15:57,"640,000원",전기자전거 프라텔로 FE2 + 여분배터리 판매 (거의 새것) 
2018.12.25. 15:43,"640,000원",전기자전거 프라텔로 FE2 + 여분배터리 1개 판매 
2018.12.25. 15:34,"500,000원",팬텀 마이크로 삼천리 전기자전거 
2018.12.25. 15:32,"500,000원",Aofeng F16 시마노6단 PAS 스로틀 지원 접이식 미니벨로 전기자전거 팝니다. 
2018.12.25. 14:39,"4,000원",인모션 p1f 전기자전거 판매 
2018.12.25. 14:24,"1,234,567원",알톤전기자전거 니모FD 폭탄세일 
2018.12.25. 14:10,"1,200,000원",다혼 제트스트림D8 &전기자전거 
2018.12.25. 14:02,"370,000원",AU테크 레드윙20 전기자전거 
2018.12.25. 14:02,"730,000원",[가격인하] 수트마이어 SUIT MAYER 전기자전거 판매합니다. 
2018.12.25. 12:58,"700,000원",ASKMY X03 접이식 전기 자전거 팝니다. 70만!! 
2018.12.25. 12:55,"600,000원",알톤 니모 전기자전거 팝니다~(포천) 
2018.12.25. 12:25,"650,000원",전기자전거 싸게 팔아요 저렴하게~ 
2018.12.25. 12:01,"550,000원",백셀 전기자전거_55만원(새제품) 
2018.12.25. 11:53,"800,000원",알톤 커뮤트전기자전거 판매합니다. (청주) 
2018.12.25. 11:29,"600,000원",신동급 베일(veil) 전기자전거 판매합니다.(퀄리2 같은 사양) 
2018.12.25. 11:09,"600,000원",알톤 쉐보레 전기자전거 CEBT21L판매합니다 
2018.12.25. 09:52,"2,000원",팬텀 City(삼천리 전기자전거) 판매합니다 
2018.12.25. 09:36,"1,530,000원","[72v 4000와트 최고속80킬로 고성능 전기스쿠터]최신 국산 이니그마 전기스쿠터, 최강등판력30도(50%), 전후 전자식 유압브레이크&쇼바, 크루즈,고성능13인치모터휠셋(10인치x), 광폭타이어,스테이트 전기자전거 "
2018.12.25. 09:35,"890,000원","[cool스마스특가]고성능 스테이트 전기자전거, 500w급 20인치 접이식 미니벨로(48V 터보제트 고성능 전기자전거), 최고속도40k 이상, 강력한 등판력, 국내제조기업,as, 국산밧데리 "
2018.12.25. 08:47,"750,000원",혼자 전기자전거 m6 
2018.12.24. 22:30,"400,000원",전기자전거 알톤 이노젠 팝니다. 
2018.12.24. 21:11,"380,000원",천안 / 쿠퍼루빅(전기자전거) 미니벨로 판매합니다. 
2018.12.24. 21:05,"50,000원","혼다 전기자전거 월 5만원 득탬가능 (하늘,핑크,흰색) "
2018.12.24. 19:35,"450,000원",테일리지 미니 전기자전거 팝니다 
2018.12.24. 15:15,"420,000원",[서울] 샤오미 전기자전거 치사이클 판매합니다~ 
2018.12.24. 14:14,"1,400,000원",[ 전기자전거 ] A2B / Karv48 / 카브48 / 팝니다. 수원 직거래 희망. 자출용 전기자전거 
2018.12.24. 14:12,"300,000원",부산 보급형 접이식전기자전거 팝니다. 
2018.12.24. 13:50,"800,000원",대구 알톤 이스타 전기자전거 
2018.12.24. 13:21,"650,000원",부산 정관신도시 랑케T8 전기자전거 팝니다 ( 파스전용) 
2018.12.24. 12:48,"1,530,000원","[72v 4000와트 최고속80킬로 고성능 전기스쿠터]최신 국산 이니그마 전기스쿠터, 최강등판력30도(50%), 전후 전자식 유압브레이크&쇼바, 크루즈,고성능13인치모터휠셋(10인치x), 광폭타이어,스테이트 전기자전거 "
2018.12.24. 12:48,"890,000원","[cool스마스특가]고성능 스테이트 전기자전거, 500w급 20인치 접이식 미니벨로(48V 터보제트 고성능 전기자전거), 최고속도40k 이상, 강력한 등판력, 국내제조기업,as, 국산밧데리 "
2018.12.24. 12:40,"650,000원",전기자전거 싸게 팔아요 저렴하게~ 
2018.12.24. 12:35,"1,234,567원",알톤전기자전거 니모FD 폭탄세일 
2018.12.24. 12:34,"700,000원",알톤 니모 26 전기자전거 2018년 / 성남 
2018.12.24. 11:58,"110,000원",고성능 해루질 등산 캠핑 작업용 헤드랜턴및 싸이클 특수자전거 전기자전거용  써치 
2018.12.24. 11:58,"110,000원",고성능 해루질 등산 캠핑 작업용 헤드랜턴및 싸이클 특수자전거 전기자전거용  써치 
2018.12.24. 11:55,"110,000원",고성능 해루질 등산 캠핑 작업용 헤드랜턴및 싸이클 특수자전거 전기자전거용  써치 
2018.12.24. 11:55,"110,000원",고성능 해루질 등산 캠핑 작업용 헤드랜턴및 싸이클 특수자전거 전기자전거용  써치 
2018.12.24. 11:55,"110,000원",고성능 해루질 등산 캠핑 작업용 헤드랜턴및 싸이클 특수자전거 전기자전거용  써치 
2018.12.24. 11:39,"580,000원",전기자전거 askmy spy x01 급처중입니다! 
2018.12.24. 11:22,"590,000원",비앙키 피스타 비아 브레라 49사이즈(새제품/MTB또는전기자전거 교환가능) 
2018.12.24. 11:01,"450,000원",삼천리 팬텀미니전기자전거(배터리신품교체) 광주(가격내림) 
2018.12.24. 10:42,"850,000원",까미노 썬더 폴딩 전기자전거 판매합니다. (85만) 
2018.12.24. 10:27,"600,000원",알톤스포츠 니모FD전기자전거(새제품) 
2018.12.24. 10:20,"600,000원",콕스 스카이 (상급경량 트라이얼 자전거/MTB 하드테일 또는 전기자전거 교환가능) 
2018.12.24. 10:02,"1,113,000원",[강서점] 리콘바이크 Z4-II 풀샥 MTB 전기자전거 블랙프라이데이 초대박 가격 할인 행사 안내! 
2018.12.24. 09:59,"890,000원","[E바이크강서점] 노약자나 여성분, 그리고 자녀와 함께 타기 좋은 가성비 최고의 다목적 스쿠터형 전기자전거 모토벨로 테일지 A6 긴급 입고! "
2018.12.24. 09:58,"990,000원",[E바이크강서점] 엄청난 가성비의 접이식 전기자전거 테일지 TX8 SPORTS 짐받이&머드가드 무료장착 행사 안내 
2018.12.24. 09:50,"200,000원","페이얼 전기자전거 배터리 36v 팝니다. 안성, 평택 feier 충전기 충전지 "
2018.12.24. 09:45,"800,000원",전동스쿠터 전기스쿠터 전기바이크 전동바이크 제트봇 탈부착 씨티코코 우쿠 왕발통 퀵보드 전기자전거 전동휠 010 4952 8226 전화주세요^^80만원 
2018.12.24. 09:14,"650,000원",알톤이노바투스 26인치 판매합니다 (전기자전거.팻바이크) 
2018.12.24. 09:14,"650,000원",알톤 이노바투스 26인치 판매합니다 (전기자전거.팻바이크) 
2018.12.24. 09:13,"800,000원",전동스쿠터 전기스쿠터 전기바이크 전동바이크 제트봇 탈부착 씨티코코 우쿠 왕발통 퀵보드 전기자전거 전동휠 010 4952 8226 전화주세요^^80만원 
2018.12.24. 08:48,"470,000원",전기자전거 테일지 모토벨로 tx9  대구 47만원-짐받이 안장포함 
2018.12.24. 08:43,"600,000원",신동급 베일(veil) 전기자전거 판매합니다.(퀄리2 같은 사양) 
2018.12.24. 00:43,"250,000원",클래식 전기 자전거 
2018.12.23. 20:54,"850,000원",혼다HONDA 전기자전거 A7 2017년식 
2018.12.23. 19:38,"380,000원",전기 자전거식 인모션 p1f 싸게팜 
2018.12.23. 18:57,"700,000원",안지오전기자전거판매 
2018.12.23. 16:08,"550,000원",전기 자전거 LANKELEISI xt 750 ㅡ55만 
2018.12.23. 15:26,"700,000원",리콘바이크 A7-2 풀샥 접이식 전기 자전거 판매합니다 
2018.12.23. 15:19,"790,000원",HIMIWAY 대용량 전기자전거 팝니다. 
2018.12.23. 14:14,"400,000원",전기자전거 알톤 이노젠 팝니다. 
2018.12.23. 14:01,"800,000원",전동스쿠터 전기스쿠터 전기바이크 전동바이크 제트봇 탈부착 씨티코코 우쿠 왕발통 퀵보드 전기자전거 전동휠 010 4952 8226 전화주세요^^80만원 
2018.12.23. 14:00,"900,000원",(대전 직거래)알톤 니모 27.5  전기자전거 
2018.12.23. 13:47,"1,113,000원",[강서점] 리콘바이크 Z4-II 풀샥 MTB 전기자전거 블랙프라이데이 초대박 가격 할인 행사 안내! 
2018.12.23. 13:46,"890,000원","[E바이크강서점] 노약자나 여성분, 그리고 자녀와 함께 타기 좋은 가성비 최고의 다목적 스쿠터형 전기자전거 모토벨로 테일지 A6 긴급 입고! "
2018.12.23. 13:46,"990,000원",[E바이크강서점] 엄청난 가성비의 접이식 전기자전거 테일지 TX8 SPORTS 짐받이&머드가드 무료장착 행사 안내 
2018.12.23. 12:25,"2,650,000원",첼로 전기자전거(eMTB) 2019 불렛 XC 새상품 팝니다. 
2018.12.23. 12:11,"200,000원",안양 온이리튬전기자전거 250w팝니다(20만원) 
2018.12.23. 11:30,"800,000원",전동스쿠터 전기스쿠터 전기바이크 전동바이크 제트봇 탈부착 씨티코코 우쿠 왕발통 퀵보드 전기자전거 전동휠 010 4952 8226 전화주세요^^80만원 
2018.12.23. 09:30,"800,000원",대구 알톤 이스타 전기자전거 
2018.12.23. 09:06,"1,600,000원",A2B 쿠오부스트 전기자전거 판매합니다. 
2018.12.23. 02:10,"300,000원",(울산)!!!직거래!!!밸로스터 폴딩스타 접이식 전기자전거 팝니다 
2018.12.23. 01:05,"800,000원",우쿠x1 전기 자전거 전기 오토바이 팝니다. 
2018.12.22. 22:48,"23,000원",전기 자전거용으로 유명한 알렉스림 휠 팝니다 
2018.12.22. 22:47,"600,000원",니모FD전기자전거 
2018.12.22. 22:34,"280,000원",야마하 전기자전거 팝니다 
2018.12.22. 20:45,"390,000원",리치비트 전기자전거 TOP-618 판매합니다. 
2018.12.22. 20:40,"450,000원",테일리지 미니 전기자전거 팝니다 
2018.12.22. 18:01,"800,000원",전동스쿠터 전기스쿠터 전기바이크 전동바이크 제트봇 탈부착 씨티코코 우쿠 왕발통 퀵보드 전기자전거 전동휠 010 4952 8226 전화주세요^^80만원 
2018.12.22. 16:52,"1,000,000원","새제품 전동킥보드 팝니다.그리고 수리도합니다 .퍼스날 모빌리티수리 전동킥보드,전기자전거,전동스쿠터, 배터리/콘트롤러/수리해드립니다.(해외직구제품 대환영) "
2018.12.22. 16:31,"890,000원",[모두스포츠]100km(한강통행가능)갈수 있는 미니벨로 16인치 세계최초!! 접이식 풀서스펜션 전기자전거를 부릉이입니다^^ 킥보드 자전거수리도 가능합니다. 
2018.12.22. 16:31,"890,000원","125cc 이하 전기자전거를 찾으신다면? 전기세 하루에 딱 60원으로~ 한달에 2천원전기세! 30일 추가입고//킥보드,자전거 수리도 됩니다^^ "
2018.12.22. 16:31,"890,000원",100km주행거리 미니벨로 만족도 1위? 부릉이^^ 40여가지제품시승가능한 매장운영 전기자전거 전동백화점 전기자전거(한강에 들어갈수있는자전거)/킥보드/스쿠터/ 모두스포츠 인천점(킥보드자전거수리가능합니다 
2018.12.22. 15:38,"888,888원",테일지 TX8스포츠 전기자전거350W모터 10.5Ah 대용량 베터리 접이식 전기자전거 팝니다. 
2018.12.22. 14:59,"890,000원","[cool스마스특가]고성능 스테이트 전기자전거, 500w급 20인치 접이식 미니벨로(48V 터보제트 고성능 전기자전거), 최고속도40k 이상, 강력한 등판력, 국내제조기업,as, 국산밧데리 "
2018.12.22. 14:44,"2,900,000원",급처)) ! 전기자전거 XT기아 11단 / 42T / 500W 판매합니다 ! 
2018.12.22. 14:23,"890,000원",알톤쉐보레20인치 풀샥 전기자전거 팝니다. (500w고속기어리스모터) 
2018.12.22. 14:17,"680,000원",ASKMY SPY X03 전기 자전거 [부산] 68만 
2018.12.22. 13:46,"800,000원",전동스쿠터 전기스쿠터 전기바이크 전동바이크 제트봇 탈부착 씨티코코 우쿠 왕발통 퀵보드 전기자전거 전동휠 010 4952 8226 전화주세요^^80만원 
2018.12.22. 13:07,"2,000원",전기자전거 전동스쿠터 전동자전거 
2018.12.22. 12:06,"600,000원",알톤스포츠 니모FD전기자전거(새제품) 
2018.12.22. 12:01,"50,000원","혼다 전기자전거 월 5만원 득탬가능 (하늘,핑크,흰색) "
2018.12.22. 11:55,"1,530,000원","[72v 4000와트 최고속80킬로 고성능 전기스쿠터]최신 국산 이니그마 전기스쿠터, 최강등판력30도(50%), 전후 전자식 유압브레이크&쇼바, 크루즈,고성능13인치모터휠셋(10인치x), 광폭타이어,스테이트 전기자전거 "
2018.12.22. 11:23,"790,000원",HIMIWAY 대용량 전기자전거 팝니다. 
2018.12.22. 10:38,"800,000원",전동스쿠터 전기스쿠터 전기바이크 전동바이크 제트봇 탈부착 씨티코코 우쿠 왕발통 퀵보드 전기자전거 전동휠 010 4952 8226 전화주세요^^80만원 
2018.12.22. 10:15,"1,100,000원",울산 전기자전거 / 고스트 se8000 
2018.12.22. 10:15,"1,100,000원",전기자전거 / 고스트 se8000 
2018.12.22. 09:46,"1,113,000원",[강서점] 리콘바이크 Z4-II 풀샥 MTB 전기자전거 블랙프라이데이 초대박 가격 할인 행사 안내! 
2018.12.22. 09:45,"890,000원","[E바이크강서점] 노약자나 여성분, 그리고 자녀와 함께 타기 좋은 가성비 최고의 다목적 스쿠터형 전기자전거 모토벨로 테일지 A6 긴급 입고! "
2018.12.22. 09:44,"890,000원",[E바이크강서점] 2018년 최고인기~! 가성비~! 접이식 전기자전거의 끝판왕~! 퀄리스포츠 Q2 판매 합니다. - 시승가능 - 앞 짐받이 출시! 
2018.12.22. 09:43,"990,000원",[E바이크강서점] 엄청난 가성비의 접이식 전기자전거 테일지 TX8 SPORTS 짐받이&머드가드 무료장착 행사 안내 
2018.12.22. 09:37,"80,000원",만도 풋루스im배터리(전기자전거용) 
2018.12.22. 08:30,"2,100,000원",모토벨로 마스칼리ki9 전기자전거 모터350W/ 배터리17.5Ah 팝니다. 
2018.12.22. 08:02,"1,150,000원",리콘 전기자전거 A7-2 팝니다 
2018.12.21. 22:53,"750,000원",지바이크s6(G-bike) 전기자전거 블랙 
2018.12.21. 22:38,"800,000원",대구 알톤 이스타 전기자전거 
2018.12.21. 21:24,"650,000원",혼자전기자전거 m6 대구 
2018.12.21. 21:15,"800,000원",전동스쿠터 전기스쿠터 전기바이크 전동바이크 제트봇 탈부착 씨티코코 우쿠 왕발통 퀵보드 전기자전거 전동휠 010 4952 8226 전화주세요^^80만원 
2018.12.21. 21:11,"95,000원",킥보드_전기 자전거_전동기_전기 스쿠터 2000w 와트 60v 볼트 DC motor 모터 체인모터(최대속도 65 km) 
2018.12.21. 21:11,"280,000원","혼다 전기자전거 모든 시리즈[m6,m7,m8,a6,a7,a8] 호환 모터(타모델 전동기 가능) 500w 와트 60v 볼트 [최고속도 40km], 호환 컨트롤러 증정 "
2018.12.21. 19:13,"10,000원",삼천리 전기자전거 팬텀 팝니다 
2018.12.21. 19:09,"400,000원",샤오미 전기자전거 himo v1 plus 팝니다. 
2018.12.21. 18:53,"900,000원",아폴로 smart 2s 전기자전거 팝니다 병점역 근처 
2018.12.21. 17:39,"550,000원",[부산] 혼다전기자전거 m6  55만원에 판매합니다. 
2018.12.21. 16:24,"390,000원",전기자전거 
2018.12.21. 16:23,"50,000원","혼다 전기자전거 5만원 득탬가능 (하늘,핑크,흰색) "
2018.12.21. 15:35,"2,000원",최고급전기자전거스쿠터 
2018.12.21. 15:20,"840,000원",퀄리Q2 전기자전거 접이식 미니벨로 350W모터 7Ah베터리 전기자전거 팝니다. 
2018.12.21. 15:14,"13,579원",최신형 테일지 T7엑스퍼트 전기자전거 풀샥 500W모터 14Ah대용량 베터리 전기자전거 싸게 팝니다. 
2018.12.21. 15:02,"600,000원",[평택] 알톤 니모FD 전기자전거(새상품) 
2018.12.21. 14:54,"580,000원",전기자전거 삼천리 팬텀 마이크로 20 판매 
2018.12.21. 14:03,"970,000원",혼다 A7 전기자전거 *새상품급* 
2018.12.21. 13:59,"1,000,000원",천안 전기자전거 
2018.12.21. 13:57,"250,000원",경남 창원 전기자전거 판매합니다. 25만원 
2018.12.21. 13:26,"300,000원",전기팻바이크 허브모터 전기자전거 
2018.12.21. 12:53,"900,000원",알톤전기자전거 이지야 팝니다. 
2018.12.21. 12:36,"900,000원",2018년 알톤 니모27.5 전기자전거 싸게 중고가로 팝니다. 
2018.12.21. 12:33,"890,000원",모두스포츠 부릉이 전기자전거 싸게 팝니다. 48V 350W모터 대용량베터리 풀샥 접이식 전기자전거 
2018.12.21. 12:32,"13,579원",2018년 알톤 니모FD 전기자전거 접이식 자전거 싸게 팝니다.니모 폴딩 
2018.12.21. 12:24,"150,000원",wolf 전기 자전거 싸게 처분 합니다. 
2018.12.21. 11:49,"680,000원",울산직) 전기자전거 팝니다 
2018.12.21. 11:34,"865,000원",만도풋루스 접이식 1세대 전기 자전거 판매합니다. [상세내용확인][예약불발로 다시 올립니다.] 
2018.12.21. 11:13,"110,000원",고성능 해루질 등산 캠핑 작업용 헤드랜턴및 싸이클 특수자전거 전기자전거용  써치 
2018.12.21. 11:12,"110,000원",고성능 해루질 등산 캠핑 작업용 헤드랜턴및 싸이클 특수자전거 전기자전거용  써치 
2018.12.21. 11:03,"110,000원",고성능 해루질 등산 캠핑 작업용 헤드랜턴및 싸이클 특수자전거 전기자전거용  써치 
2018.12.21. 11:03,"110,000원",고성능 해루질 등산 캠핑 작업용 헤드랜턴및 싸이클 특수자전거 전기자전거용  써치 
2018.12.21. 11:03,"110,000원",고성능 해루질 등산 캠핑 작업용 헤드랜턴및 싸이클 특수자전거 전기자전거용  써치 
2018.12.21. 10:39,"850,000원",까미노 썬더 폴딩 전기자전거 판매합니다. (85만) 
2018.12.21. 10:10,"1,113,000원",[강서점] 리콘바이크 Z4-II 풀샥 MTB 전기자전거 블랙프라이데이 초대박 가격 할인 행사 안내! 
2018.12.21. 10:10,"890,000원","[E바이크강서점] 노약자나 여성분, 그리고 자녀와 함께 타기 좋은 가성비 최고의 다목적 스쿠터형 전기자전거 모토벨로 테일지 A6 긴급 입고! "
2018.12.21. 10:10,"890,000원",[E바이크강서점] 2018년 최고인기~! 가성비~! 접이식 전기자전거의 끝판왕~! 퀄리스포츠 Q2 판매 합니다. - 시승가능 - 앞 짐받이 출시! 
2018.12.21. 10:09,"990,000원",[E바이크강서점] 엄청난 가성비의 접이식 전기자전거 테일지 TX8 SPORTS 짐받이&머드가드 무료장착 행사 안내 
2018.12.21. 08:18,"800,000원",우쿠x1 전기 자전거 전기 오토바이 팝니다. 
2018.12.20. 21:16,"50,000원","혼다 전기자전거 5만원 득탬가능 (하늘,핑크,흰색) "
2018.12.20. 21:14,"800,000원",전동스쿠터 전기스쿠터 전기바이크 전동바이크 제트봇 탈부착 씨티코코 우쿠 왕발통 퀵보드 전기자전거 전동휠 010 4952 8226 전화주세요^^80만원 
2018.12.20. 19:29,"780,000원",HIMIWAY 전기 자전거 대용량 팝니다. 
2018.12.20. 18:46,"990,000원",[E바이크강서점] 엄청난 가성비의 접이식 전기자전거 테일지 TX8 SPORTS 짐받이&머드가드 무료장착 행사 안내 
2018.12.20. 18:45,"1,113,000원",[강서점] 리콘바이크 Z4-II 풀샥 MTB 전기자전거 블랙프라이데이 초대박 가격 할인 행사 안내! 
2018.12.20. 18:19,"750,000원",지바이크s6(G-bike) 전기자전거 블랙 
2018.12.20. 18:06,"800,000원",전동스쿠터 전기스쿠터 전기바이크 전동바이크 제트봇 탈부착 씨티코코 우쿠 왕발통 퀵보드 전기자전거 전동휠 010 4952 8226 전화주세요^^80만원 
2018.12.20. 17:56,"50,000원","혼다 전기자전거 5만원 득탬가능 (하늘,핑크,흰색) "
2018.12.20. 17:30,"100,000원",전기자전거 팝니다 
2018.12.20. 17:20,"270,000원",알톤 전기자전거 이노바투스 싸게 팝니다. 27만원 대구 직거래만 가능 
2018.12.20. 16:35,"300,000원",알톤 전기자전거 이스타26s 
2018.12.20. 16:04,"800,000원",전동스쿠터 전기스쿠터 전기바이크 전동바이크 제트봇 탈부착 씨티코코 우쿠 왕발통 퀵보드 전기자전거 전동휠 010 4952 8226 전화주세요^^80만원 
2018.12.20. 15:52,"450,000원",삼천리자전거 24팬텀시티 전기자전거 팝니다. 
2018.12.20. 15:06,"1,000,000원",전기자전거 전동자전거 펫바이크 21인치 새상품 레드 100만원 
2018.12.20. 15:04,"1,000,000원",전기자전거 펫바이크 21인치 전동자전거 새상품 100만원 
2018.12.20. 14:48,"730,000원",[가격인하] 수트마이어 SUIT MAYER 전기자전거 판매합니다. 
2018.12.20. 14:23,"800,000원",전동스쿠터 전기스쿠터 전기바이크 전동바이크 제트봇 탈부착 씨티코코 우쿠 왕발통 퀵보드 전기자전거 전동휠 010 4952 8226 전화주세요^^80만원 
2018.12.20. 13:15,"800,000원",전동스쿠터 전기스쿠터 전기바이크 전동바이크 제트봇 탈부착 씨티코코 우쿠 왕발통 퀵보드 전기자전거 전동휠 010 4952 8226 전화주세요^^80만원 
2018.12.20. 13:01,"1,000,000원",천안 전기자전거 
2018.12.20. 12:59,"2,000원",시즌오프 재고정리 프라텔로 전기자전거 FE2 기본버젼 소량 새상품 재고정리 세일판매 겨울에 싸게 구매하실 찬스입니다. 
2018.12.20. 12:59,"2,000원",시즌오프 재고정리 프라텔로 전기자전거 FE2 기본버젼 소량 새상품 재고정리 세일판매 겨울에 싸게 구매하실 찬스입니다. 
2018.12.20. 10:57,"890,000원","[E바이크강서점] 노약자나 여성분, 그리고 자녀와 함께 타기 좋은 가성비 최고의 다목적 스쿠터형 전기자전거 모토벨로 테일지 A6 긴급 입고! "
2018.12.20. 10:57,"890,000원",[E바이크강서점] 2018년 최고인기~! 가성비~! 접이식 전기자전거의 끝판왕~! 퀄리스포츠 Q2 판매 합니다. - 시승가능 - 앞 짐받이 출시! 
2018.12.20. 10:57,"990,000원",[E바이크강서점] 엄청난 가성비의 접이식 전기자전거 테일지 TX8 SPORTS 짐받이&머드가드 무료장착 행사 안내 
2018.12.20. 10:43,"800,000원",전동스쿠터 전기스쿠터 전기바이크 전동바이크 제트봇 탈부착 씨티코코 우쿠 왕발통 퀵보드 전기자전거 전동휠 010 4952 8226 전화주세요^^80만원 
2018.12.20. 09:35,"480,000원",니모 fd 20인치 전기자전거 48만원 서울직거래 
2018.12.20. 01:22,"280,000원",대전 전기자전거 알톤2014 이스타26s 판매합니다 
