글 제목,가격,올린 시간,url
새 상품 [Apple] 2018 11형 iPad Pro Wifi 64GB - 스페이스그레이 (MTXN2KHA) 아이패드 프로 판매합니다.,"94,000원",2018.12.24. 22:10,https://m.cafe.naver.com/ArticleRead.nhn?clubid=10050146&menuid=749&articleid=543652408&query=ipad+pro
아이패드 프로 iPad pro 3세대 12.9 인치 셀룰러 1테라 미개봉 새제품 팝니다,"2,400,000원",2018.12.24. 17:24,https://m.cafe.naver.com/ArticleRead.nhn?clubid=10050146&menuid=749&articleid=543582725&query=ipad+pro
iPad Pro 10.5인치 Leather Sleeve 팝니다.,"80,000원",2018.12.24. 17:14,https://m.cafe.naver.com/ArticleRead.nhn?clubid=10050146&menuid=749&articleid=543579949&query=ipad+pro
로지텍 아이패드 프로 차징스탠드 iPAD PRO Charging Stand,"2,222원",2018.12.24. 17:11,https://m.cafe.naver.com/ArticleRead.nhn?clubid=10050146&menuid=749&articleid=543579169&query=ipad+pro
[애플정품]9.7형 iPad Pro용 실리콘 케이스 - 미드나이트 블루 A급 팝니다.,"50,000원",2018.12.24. 16:24,https://m.cafe.naver.com/ArticleRead.nhn?clubid=10050146&menuid=749&articleid=543564623&query=ipad+pro
[애플정품]9.7형 iPad Pro용 실리콘 케이스 - 미드나이트 블루 A급 팝니다.,"50,000원",2018.12.24. 16:23,https://m.cafe.naver.com/ArticleRead.nhn?clubid=10050146&menuid=427&articleid=543564518&query=ipad+pro
랩씨 9.7 slim fit case for iPad Pro 9.7” 미사용,"19,000원",2018.12.24. 15:39,https://m.cafe.naver.com/ArticleRead.nhn?clubid=10050146&menuid=427&articleid=543550705&query=ipad+pro
Ipad pro 9.7 wifi+키보드+팬슬,"400,000원",2018.12.24. 14:52,https://m.cafe.naver.com/ArticleRead.nhn?clubid=10050146&menuid=749&articleid=543535532&query=ipad+pro
[미개봉] 아이패드 프로 10.5 [ipad pro 10.5] 골드 256GB WIFI 판매합니다.,"870,000원",2018.12.24. 14:43,https://m.cafe.naver.com/ArticleRead.nhn?clubid=10050146&menuid=749&articleid=543532553&query=ipad+pro
아이패드 프로 iPad Pro 10.5 셀룰러 64GB 스페이스그레이,"780,000원",2018.12.24. 13:40,https://m.cafe.naver.com/ArticleRead.nhn?clubid=10050146&menuid=749&articleid=543510256&query=ipad+pro
[대구]iPad pro 10.5 256gb wifi 로즈 골드 판매합니다,"690,000원",2018.12.24. 13:32,https://m.cafe.naver.com/ArticleRead.nhn?clubid=10050146&menuid=749&articleid=543507446&query=ipad+pro
iPad Pro 10.5 Smart Keybord,"100,000원",2018.12.24. 12:43,https://m.cafe.naver.com/ArticleRead.nhn?clubid=10050146&menuid=749&articleid=543489589&query=ipad+pro
IPad Pro 아이패드 프로 12.9 1세대 128G 45만원에 초급처해요!,"450,000원",2018.12.24. 10:39,https://m.cafe.naver.com/ArticleRead.nhn?clubid=10050146&menuid=449&articleid=543441874&query=ipad+pro
판매) ipad Pro WiFI Cellular 64 GB space Gray // 보증기간 有 // 정상 해지,"2,000원",2018.12.24. 10:36,https://m.cafe.naver.com/ArticleRead.nhn?clubid=10050146&menuid=749&articleid=543440522&query=ipad+pro
iPad Pro(11-inch)(3nd generation) Wi-Fi 64GB 판매합니다.,"990,000원",2018.12.24. 09:36,https://m.cafe.naver.com/ArticleRead.nhn?clubid=10050146&menuid=749&articleid=543416828&query=ipad+pro
10.5형 iPad Pro 로즈골드 64GB Wi-Fi 팝니다,"550,000원",2018.12.24. 00:47,https://m.cafe.naver.com/ArticleRead.nhn?clubid=10050146&menuid=749&articleid=543362891&query=ipad+pro
11형 iPad Pro 스마트 키보드 폴리오 Smart Keyboard Folio - 한국어,"195,000원",2018.12.23. 22:41,https://m.cafe.naver.com/ArticleRead.nhn?clubid=10050146&menuid=749&articleid=543333419&query=ipad+pro
IPad Pro 아이패드 프로 12.9 1세대 128G 45만원에 초급처해요!,"450,000원",2018.12.23. 21:43,https://m.cafe.naver.com/ArticleRead.nhn?clubid=10050146&menuid=749&articleid=543318004&query=ipad+pro
"New) 정품 iPad Pro 9.7 Smart Cover Case(블랙,블루), iphone case 7+/8+","20,000원",2018.12.23. 20:43,https://m.cafe.naver.com/ArticleRead.nhn?clubid=10050146&menuid=427&articleid=543300971&query=ipad+pro
10.5형 iPad Pro용 Smart Keyboard 애플정품 포장 그대로 반값에 판매합니다 (판매자 택배비 부담),"110,000원",2018.12.23. 12:03,https://m.cafe.naver.com/ArticleRead.nhn?clubid=10050146&menuid=449&articleid=543150132&query=ipad+pro
[공식앱] iPad Pro 10.5 풀셋트 일괄판매 합니다!!! 네고가능,None,None,https://m.cafe.naver.com/ArticleRead.nhn?clubid=10050146&menuid=736&articleid=543115703&query=ipad+pro
[공식앱] ipad pro 3세대 11형 wifi 256GB 스페이스 그레이 미개봉 100만원 직거래,None,None,https://m.cafe.naver.com/ArticleRead.nhn?clubid=10050146&menuid=736&articleid=543043411&query=ipad+pro
[공식앱] ipad pro 3세대 11형 wifi 256GB 스페이스 그레이 미개봉 100만원 직거래,None,None,https://m.cafe.naver.com/ArticleRead.nhn?clubid=10050146&menuid=736&articleid=543041845&query=ipad+pro
(부산)(택배) 아이패드 프로 iPAD Pro 12.9 1세대 2세대 스마트키보드 판매합니다~!,"130,000원",2018.12.22. 18:37,https://m.cafe.naver.com/ArticleRead.nhn?clubid=10050146&menuid=749&articleid=542976461&query=ipad+pro
"[판매완료] 애플정품 9.7형 iPad Pro용 Smart Keyboard, 아이패드 프로용 9.7 스마트키보드 팝니다","140,000원",2018.12.22. 08:31,https://m.cafe.naver.com/ArticleRead.nhn?clubid=10050146&menuid=749&articleid=542790580&query=ipad+pro
"애플 아이패드 프로 2세대 10.5인치 256기가 apple ipad pro 2세대 10.5형 wifi+cellular 256GB_스페이스그레이 판매 / 애플펜슬, 스마트키보드 포함","950,000원",2018.12.21. 15:37,https://m.cafe.naver.com/ArticleRead.nhn?clubid=10050146&menuid=749&articleid=542610365&query=ipad+pro
미개봉 IPAD 급매! IPAD PRO 12.9inch WIFI+CELLULER 256GB SILVER,"1,000,000원",2018.12.21. 15:17,https://m.cafe.naver.com/ArticleRead.nhn?clubid=10050146&menuid=749&articleid=542603594&query=ipad+pro
iPad Pro(11-inch)(3nd generation) Wi-Fi 64GB 판매합니다.,"990,000원",2018.12.21. 12:57,https://m.cafe.naver.com/ArticleRead.nhn?clubid=10050146&menuid=749&articleid=542553042&query=ipad+pro
"(미개봉/정품) iPad Pro 11 wifi 64GB, 아이패드프로 11인치 wifi 64기가 최신","880,000원",2018.12.21. 01:25,https://m.cafe.naver.com/ArticleRead.nhn?clubid=10050146&menuid=749&articleid=542422610&query=ipad+pro
2018 신형 아이패드 12.9형 iPad Pro Wi-Fi 64GB - 스페이스 그레이 + 패드커버+ 애플펜슬2,None,None,https://m.cafe.naver.com/ArticleRead.nhn?clubid=10050146&menuid=736&articleid=542310532&query=ipad+pro
아이패드 iPAD PRO 10.5 64G WI-FI GOLD,"550,000원",2018.12.20. 17:21,https://m.cafe.naver.com/ArticleRead.nhn?clubid=10050146&menuid=749&articleid=542292856&query=ipad+pro
아이패드 Ipad air 2 cellular 버전 64기가+ jot pro stylus pen 포함 38만,"380,000원",2018.12.20. 16:26,https://m.cafe.naver.com/ArticleRead.nhn?clubid=10050146&menuid=749&articleid=542274484&query=ipad+pro
[부산] 아이패드 프로 10.5 로즈골드 셀룰러 512G 직거래 [80만] ipad pro,"800,000원",2018.12.19. 18:53,https://m.cafe.naver.com/ArticleRead.nhn?clubid=10050146&menuid=749&articleid=541965016&query=ipad+pro
"New) 정품 iPad Pro 9.7 Smart Cover Case(블랙,블루), iphone case 7+/8+","20,000원",2018.12.19. 18:01,https://m.cafe.naver.com/ArticleRead.nhn?clubid=10050146&menuid=427&articleid=541948648&query=ipad+pro
iPad pro 3rd 11inch [cellular] 64G / 아이패드 프로 3세대 11인치 [셀룰러] 64G 팝니다.,"1,050,000원",2018.12.19. 15:24,https://m.cafe.naver.com/ArticleRead.nhn?clubid=10050146&menuid=749&articleid=541894854&query=ipad+pro
벨킨 iPad Pro 9.7 얼티메이트 라이트 키보드 케이스 F5L192kr(블랙색상),"80,000원",2018.12.19. 15:01,https://m.cafe.naver.com/ArticleRead.nhn?clubid=10050146&menuid=486&articleid=541886867&query=ipad+pro
애플 APPLE 아이패드 프로 IPAD PRO 10.5인치 Wi-Fi 로즈골드 512GB / APPLE 아이패드 프로 2세대 10.5 스마트 키보드 케이스 미개봉새제품 팝니다,"900,000원",2018.12.19. 14:54,https://m.cafe.naver.com/ArticleRead.nhn?clubid=10050146&menuid=749&articleid=541884352&query=ipad+pro
"iPAD Pro (10.5 inch) 용 스마트커버+백커버 미사용품 (60,000원)","60,000원",2018.12.19. 09:07,https://m.cafe.naver.com/ArticleRead.nhn?clubid=10050146&menuid=749&articleid=541750100&query=ipad+pro
[공식앱] 애플 아이패드프로 iPad Pro 9.7 128GB 스그 셀룰러,None,None,https://m.cafe.naver.com/ArticleRead.nhn?clubid=10050146&menuid=736&articleid=541700206&query=ipad+pro
iPad Pro 256기가 셀룰러 팝니다.,"550,000원",2018.12.18. 23:20,https://m.cafe.naver.com/ArticleRead.nhn?clubid=10050146&menuid=1761&articleid=541681202&query=ipad+pro
[미사용 개봉만 한 제품] 10.5형 iPad Pro용 가죽 슬리브 - 새들 브라운,"130,000원",2018.12.18. 18:42,https://m.cafe.naver.com/ArticleRead.nhn?clubid=10050146&menuid=749&articleid=541599855&query=ipad+pro
"[벨킨][iPad Air1, 2 또는 9.7인치Pro]QODE Ultimate Lite 키보드 케이스 검정 5만원","50,000원",2018.12.18. 14:20,https://m.cafe.naver.com/ArticleRead.nhn?clubid=10050146&menuid=387&articleid=541510392&query=ipad+pro
10.5형 iPad Pro용 가죽 슬리브 - 일렉트릭 블루 판매합니다.,"60,000원",2018.12.18. 13:54,https://m.cafe.naver.com/ArticleRead.nhn?clubid=10050146&menuid=427&articleid=541500383&query=ipad+pro
10.5형 iPad Pro용 가죽 슬리브 - 일렉트릭 블루 판매합니다.,"60,000원",2018.12.18. 13:54,https://m.cafe.naver.com/ArticleRead.nhn?clubid=10050146&menuid=749&articleid=541500309&query=ipad+pro
"아이패드 프로 10.5 스마트커버 (토프) 팝니다. (4.5만원, 서울) ipad pro 10.5","45,000원",2018.12.18. 09:41,https://m.cafe.naver.com/ArticleRead.nhn?clubid=10050146&menuid=749&articleid=541399415&query=ipad+pro
[가격조정][Apple] 10.5형 iPad Pro용 Smart Keyboard - 한국어 (MPTL2KH/A) 아이패드 프로 10.5 스마트 키보드 팝니다.,"120,000원",2018.12.18. 01:26,https://m.cafe.naver.com/ArticleRead.nhn?clubid=10050146&menuid=749&articleid=541345029&query=ipad+pro
iPad Pro 10.5 알루미늄 키보드 케이스 (iPad Pro 10.5 Keyboard Case),"32,000원",2018.12.17. 21:35,https://m.cafe.naver.com/ArticleRead.nhn?clubid=10050146&menuid=749&articleid=541287972&query=ipad+pro
(부산) 아이패드 프로 iPAD Pro 2세대 12.9 64g 와이파이 wifi 스그 SSS급 팝니다~!,"890,000원",2018.12.17. 19:26,https://m.cafe.naver.com/ArticleRead.nhn?clubid=10050146&menuid=749&articleid=541248293&query=ipad+pro
[Apple] 10.5형 iPad Pro용 Smart Keyboard - 한국어 (MPTL2KH/A) 아이패드 10.5 스마트 키보드 팝니다.,"120,000원",2018.12.17. 12:40,https://m.cafe.naver.com/ArticleRead.nhn?clubid=10050146&menuid=749&articleid=541106266&query=ipad+pro
애플펜슬 정품 iPadPro/6세대용,"100,000원",2018.12.16. 23:34,https://m.cafe.naver.com/ArticleRead.nhn?clubid=10050146&menuid=749&articleid=540959091&query=ipad+pro
10.5형 iPad Pro용 가죽 슬리브 - 일렉트릭 블루 판매합니다.,"60,000원",2018.12.16. 17:24,https://m.cafe.naver.com/ArticleRead.nhn?clubid=10050146&menuid=427&articleid=540859702&query=ipad+pro
10.5형 iPad Pro용 가죽 슬리브 - 일렉트릭 블루 판매합니다.,"60,000원",2018.12.16. 17:23,https://m.cafe.naver.com/ArticleRead.nhn?clubid=10050146&menuid=749&articleid=540859606&query=ipad+pro
"Ipad Pro 10.5'' 512G 판매합니다.(아이패드 프로 셀룰러, 애플 펜슬, 로지텍 케이스 추가)","750,000원",2018.12.15. 16:33,https://m.cafe.naver.com/ArticleRead.nhn?clubid=10050146&menuid=1731&articleid=540555459&query=ipad+pro
10.5형 iPad Pro용 가죽 슬리브 - 일렉트릭 블루 판매합니다.,"60,000원",2018.12.15. 13:47,https://m.cafe.naver.com/ArticleRead.nhn?clubid=10050146&menuid=427&articleid=540503808&query=ipad+pro
10.5형 iPad Pro용 가죽 슬리브 - 일렉트릭 블루 판매합니다.,"60,000원",2018.12.15. 13:47,https://m.cafe.naver.com/ArticleRead.nhn?clubid=10050146&menuid=749&articleid=540503736&query=ipad+pro
"아이패드 프로 (ipad pro) 10.5""(인치) 64G, 256G 삽니다(업자X)","810,000원",2018.12.15. 02:09,https://m.cafe.naver.com/ArticleRead.nhn?clubid=10050146&menuid=749&articleid=540380839&query=ipad+pro
ipad pro 스마트키보드 10.5inch,"120,000원",2018.12.14. 17:14,https://m.cafe.naver.com/ArticleRead.nhn?clubid=10050146&menuid=749&articleid=540255579&query=ipad+pro
미개봉 IPAD 급매! IPAD PRO 12.9inch WIFI+CELLULER 256GB SILVER,"1,000,000원",2018.12.14. 17:07,https://m.cafe.naver.com/ArticleRead.nhn?clubid=10050146&menuid=749&articleid=540253428&query=ipad+pro
10.5형 iPad Pro용 가죽 슬리브 - 일렉트릭 블루 판매합니다.,"60,000원",2018.12.14. 12:00,https://m.cafe.naver.com/ArticleRead.nhn?clubid=10050146&menuid=427&articleid=540146215&query=ipad+pro
10.5형 iPad Pro용 가죽 슬리브 - 일렉트릭 블루 판매합니다.,"60,000원",2018.12.14. 11:59,https://m.cafe.naver.com/ArticleRead.nhn?clubid=10050146&menuid=749&articleid=540145416&query=ipad+pro
iPad Pro 10.5 알루미늄 키보드 케이스 (iPad Pro 10.5 Keyboard Case),"32,000원",2018.12.14. 11:32,https://m.cafe.naver.com/ArticleRead.nhn?clubid=10050146&menuid=749&articleid=540134934&query=ipad+pro
아이패드 프로 256 12.9 wifi cellular (ipad pro) 미개봉 새상품 택포 97만원,"970,000원",2018.12.13. 19:59,https://m.cafe.naver.com/ArticleRead.nhn?clubid=10050146&menuid=334&articleid=539956334&query=ipad+pro
아이패드 프로(iPad Pro) 2세대 12.9인치 와이파이(wifi) 256g,"900,000원",2018.12.13. 15:26,https://m.cafe.naver.com/ArticleRead.nhn?clubid=10050146&menuid=749&articleid=539870043&query=ipad+pro
[공식앱] 애플 아이패드프로 iPad Pro 9.7 128GB 스그 셀룰러,None,None,https://m.cafe.naver.com/ArticleRead.nhn?clubid=10050146&menuid=736&articleid=539860887&query=ipad+pro
아이패드 프로 10.5 512G 셀룰러 스페이스 그레이 서울직거래 ipad pro+애플펜슬,"870,000원",2018.12.13. 14:28,https://m.cafe.naver.com/ArticleRead.nhn?clubid=10050146&menuid=749&articleid=539849289&query=ipad+pro
아이패드 프로 ipad pro 12.9형 256GB 80만원 판매 새상품,"800,000원",2018.12.13. 12:59,https://m.cafe.naver.com/ArticleRead.nhn?clubid=10050146&menuid=749&articleid=539816006&query=ipad+pro
(네고가능) 아이패드 프로(iPad Pro) 2세대 12.9인치 셀룰러(LTE) + 와이파이(wifi) 셋트 99만원,"990,000원",2018.12.13. 11:50,https://m.cafe.naver.com/ArticleRead.nhn?clubid=10050146&menuid=749&articleid=539790217&query=ipad+pro
ipad pro 스마트키보드 10.5inch,"120,000원",2018.12.13. 08:46,https://m.cafe.naver.com/ArticleRead.nhn?clubid=10050146&menuid=749&articleid=539722539&query=ipad+pro
[대구 직거래] iPad Pro 2(10.5형) 셀룰러 256G. 로즈골드. + 애플펜슬.,"850,000원",2018.12.12. 17:22,https://m.cafe.naver.com/ArticleRead.nhn?clubid=10050146&menuid=749&articleid=539557124&query=ipad+pro
[급매]아이패드 프로 10.5 셀룰러(ipad pro 10.5 lte) 스그 256g + 애플펜슬(정품) + 스마트키보드(정품) + 뒷면커버 + 파우치 + 양면커버 + 악세사리 /87만원,"870,000원",2018.12.12. 17:19,https://m.cafe.naver.com/ArticleRead.nhn?clubid=10050146&menuid=749&articleid=539556314&query=ipad+pro
Supershieldz [3-Pack] for Apple iPad Pro 12.9 필름,"25,000원",2018.12.12. 16:53,https://m.cafe.naver.com/ArticleRead.nhn?clubid=10050146&menuid=427&articleid=539547106&query=ipad+pro
아이패드 프로 ipad pro 12.9형 256GB 80만원 판매 새상품,"800,000원",2018.12.12. 13:19,https://m.cafe.naver.com/ArticleRead.nhn?clubid=10050146&menuid=749&articleid=539471022&query=ipad+pro
아이패드 프로(iPad Pro) 2세대 12.9인치 와이파이(wifi) 256g,"900,000원",2018.12.12. 12:03,https://m.cafe.naver.com/ArticleRead.nhn?clubid=10050146&menuid=749&articleid=539442325&query=ipad+pro
[판매완료]아이패드 프로 ipad pro 10.5 64g lte 로즈골드,"7,000원",2018.12.12. 11:07,https://m.cafe.naver.com/ArticleRead.nhn?clubid=10050146&menuid=749&articleid=539419575&query=ipad+pro
아이패드 프로 10.5(iPad Pro 10.5) wifi + cellular 64G 스페이스 그레이 판매합니다,"700,000원",2018.12.12. 01:04,https://m.cafe.naver.com/ArticleRead.nhn?clubid=10050146&menuid=749&articleid=539328190&query=ipad+pro
미개봉! IPAD PRO 12.9inch WIFI+CELLULER 256GB SILVER,"1,000,000원",2018.12.11. 15:19,https://m.cafe.naver.com/ArticleRead.nhn?clubid=10050146&menuid=749&articleid=539156706&query=ipad+pro
(울산) iPad pro 10.5 아이패드 프로 64 wifi 펜슬포함 팝니다,"650,000원",2018.12.11. 14:38,https://m.cafe.naver.com/ArticleRead.nhn?clubid=10050146&menuid=749&articleid=539141682&query=ipad+pro
10.5형 iPad Pro용 가죽 슬리브,"110,000원",2018.12.11. 08:03,https://m.cafe.naver.com/ArticleRead.nhn?clubid=10050146&menuid=749&articleid=539001880&query=ipad+pro
,,,
,,,
[공식앱] ipad pro 12.9 inch -32g 판매합니다,None,None,https://m.cafe.naver.com/ArticleRead.nhn?clubid=10050146&menuid=736&articleid=538988174&query=ipad+pro
[공식앱] 애플 아이패드프로 iPad Pro 9.7 128GB 실버 WIFI,None,None,https://m.cafe.naver.com/ArticleRead.nhn?clubid=10050146&menuid=736&articleid=538888986&query=ipad+pro
IPAD PRO 3세대 11형 WIFI 64GB 스페이스 그레이 미개봉 90만원 직거래,"900,000원",2018.12.10. 17:15,https://m.cafe.naver.com/ArticleRead.nhn?clubid=10050146&menuid=749&articleid=538841550&query=ipad+pro
아이패드 프로(iPad Pro) 2세대 12.9인치 와이파이(wifi) 256g,"950,000원",2018.12.10. 15:33,https://m.cafe.naver.com/ArticleRead.nhn?clubid=10050146&menuid=749&articleid=538807384&query=ipad+pro
아이패드 프로 10.5인치 Wi-Fi 실버 512GB 미개봉 새제품 팝니다 IPAD PRO,"980,000원",2018.12.10. 11:51,https://m.cafe.naver.com/ArticleRead.nhn?clubid=10050146&menuid=749&articleid=538724127&query=ipad+pro
Ipad pro 12.9 2세대 256g (셀롤러+와이파이) + 애플팬슬 + 정품 스마트키보드 아이패드프로 12.9,"1,020,000원",2018.12.10. 08:17,https://m.cafe.naver.com/ArticleRead.nhn?clubid=10050146&menuid=749&articleid=538648553&query=ipad+pro
ipad pro 스마트키보드 10.5inch,"130,000원",2018.12.09. 22:18,https://m.cafe.naver.com/ArticleRead.nhn?clubid=10050146&menuid=749&articleid=538581470&query=ipad+pro
아이패드 프로(ipad pro) 1세대 12.9인치 32기가 wifi + 스마트키보드 + 펜슬 일괄판매,"550,000원",2018.12.09. 22:06,https://m.cafe.naver.com/ArticleRead.nhn?clubid=10050146&menuid=749&articleid=538578110&query=ipad+pro
Ipad pro 12.9 2세대 256g (셀롤러+와이파이) + 애플팬슬 + 정품 스마트키보드 아이패드프로 12.9,"1,120,000원",2018.12.09. 21:49,https://m.cafe.naver.com/ArticleRead.nhn?clubid=10050146&menuid=749&articleid=538573270&query=ipad+pro
아이패드 프로 9.7 128Gb wifi ipad pro 9.7 + 애플펜슬 + 카메라킷,"480,000원",2018.12.09. 21:27,https://m.cafe.naver.com/ArticleRead.nhn?clubid=10050146&menuid=749&articleid=538566892&query=ipad+pro
아이패드 프로(iPad Pro) 2세대 12.9인치 와이파이(wifi) 256g,"950,000원",2018.12.08. 23:11,https://m.cafe.naver.com/ArticleRead.nhn?clubid=10050146&menuid=749&articleid=538298999&query=ipad+pro
(네고가능) 아이패드 프로(iPad Pro) 2세대 12.9인치 셀룰러(LTE) + 와이파이(wifi) 셋트 99만원,"990,000원",2018.12.08. 21:08,https://m.cafe.naver.com/ArticleRead.nhn?clubid=10050146&menuid=749&articleid=538269634&query=ipad+pro
iPad Pro 9.7 256GB Wi-Fi + Apple 키보드 커버 + 뒷판 커버,"650,000원",2018.12.08. 14:10,https://m.cafe.naver.com/ArticleRead.nhn?clubid=10050146&menuid=749&articleid=538155759&query=ipad+pro
,,,
,,,
,,,
,,,
,,,
,,,
,,,
Ipad pro 10.5 64기가 wifi +셀룰러,"600,000원",2018.12.07. 16:17,https://m.cafe.naver.com/ArticleRead.nhn?clubid=10050146&menuid=749&articleid=537881462&query=ipad+pro
아이패드 프로 1세대 iPad Pro 9.7형 Wi-Fi 256GB(+애플펜슬),"550,000원",2018.12.07. 15:39,https://m.cafe.naver.com/ArticleRead.nhn?clubid=10050146&menuid=749&articleid=537869311&query=ipad+pro
[미개봉] 2018 New iPad Pro 11 WI-FI 64G 스페이스그레이 실버,"920,000원",2018.12.06. 17:04,https://m.cafe.naver.com/ArticleRead.nhn?clubid=10050146&menuid=749&articleid=537545711&query=ipad+pro
아이패드 프로 1세대 iPad Pro 9.7형 Wi-Fi 256GB(+애플펜슬),"550,000원",2018.12.06. 16:25,https://m.cafe.naver.com/ArticleRead.nhn?clubid=10050146&menuid=749&articleid=537533058&query=ipad+pro
아이패드 프로 10.5인치 Wi-Fi 실버 512GB 미개봉 새제품 팝니다 IPAD PRO,"980,000원",2018.12.06. 10:38,https://m.cafe.naver.com/ArticleRead.nhn?clubid=10050146&menuid=749&articleid=537403571&query=ipad+pro
"아이패드프로10.5형 와이파이+셀룰러+애플케어2년 iPad Pro Wi-Fi + Cellular 256GB - 스페이스그레이 판매합니다 (풀박스 , 동영상有)","850,000원",2018.12.05. 22:45,https://m.cafe.naver.com/ArticleRead.nhn?clubid=10050146&menuid=749&articleid=537290468&query=ipad+pro
iPad Pro 10.5인치 실버 512 Wifi+LTE 해외판 미개봉,"1,100,000원",2018.12.05. 16:01,https://m.cafe.naver.com/ArticleRead.nhn?clubid=10050146&menuid=749&articleid=537164694&query=ipad+pro
"2018년 10월 출시 3세대 Ipad Pro 12.9인치 Wi-Fi + 셀룰러 256기가 스페이스 그레이, 2세대 애플펜슬, 정품 Smart Folio 판매합니다.","1,950,000원",2018.12.05. 02:53,https://m.cafe.naver.com/ArticleRead.nhn?clubid=10050146&menuid=749&articleid=536966782&query=ipad+pro
IPad pro12.9 2세대 64G wifi 실버그레이 해외카톡사기 구별하기 kom66,None,None,https://m.cafe.naver.com/ArticleRead.nhn?clubid=10050146&menuid=736&articleid=536873824&query=ipad+pro
랩씨 9.7 slim fit case for iPad Pro 9.7” 미사용,"19,000원",2018.12.04. 19:37,https://m.cafe.naver.com/ArticleRead.nhn?clubid=10050146&menuid=427&articleid=536863393&query=ipad+pro
아이패드프로 10.5 스마트커버 ipad pro smart cover 새상품 판매,"40,000원",2018.12.04. 18:08,https://m.cafe.naver.com/ArticleRead.nhn?clubid=10050146&menuid=749&articleid=536835072&query=ipad+pro
ipad pro 아이패드 프로 2세대 10.5인치 64GB WIFI (스페이스그레이) + 애플팬슬 급매,"650,000원",2018.12.04. 15:25,https://m.cafe.naver.com/ArticleRead.nhn?clubid=10050146&menuid=749&articleid=536778490&query=ipad+pro
아이패드 프로 10.5 2세대 wifi 256g 로즈골드 펜슬 정품키보드 포함 82만원 ipad pro 10.5,"820,000원",2018.12.04. 07:27,https://m.cafe.naver.com/ArticleRead.nhn?clubid=10050146&menuid=749&articleid=536609277&query=ipad+pro
아이패드 프로 10.5인치 Wi-Fi 실버 512GB 미개봉 새제품 팝니다 IPAD PRO,"980,000원",2018.12.03. 16:48,https://m.cafe.naver.com/ArticleRead.nhn?clubid=10050146&menuid=749&articleid=536434807&query=ipad+pro
(가격다운)아이패드 10.5 프로 (a1709) 셀룰러 256G 판매합니다. 로즈골드색상 ipadpro,"630,000원",2018.12.03. 16:04,https://m.cafe.naver.com/ArticleRead.nhn?clubid=10050146&menuid=749&articleid=536418776&query=ipad+pro
,,,
,,,
,,,
,,,
,,,
아이패드 프로 iPad Pro 10.5 셀룰러 64GB 스페이스그레이,"780,000원",2018.12.03. 15:30,https://m.cafe.naver.com/ArticleRead.nhn?clubid=10050146&menuid=749&articleid=536406588&query=ipad+pro
아이패드 프로 퓨어 커버 패치워크 purecover for ipad pro colorant by patchworks,"2,500원",2018.12.02. 22:40,https://m.cafe.naver.com/ArticleRead.nhn?clubid=10050146&menuid=427&articleid=536179935&query=ipad+pro
아이패드 프로 10.5 256g 256기가 256 아이 패드 셀룰러 ipad pro 2세대,"690,000원",2018.12.02. 20:44,https://m.cafe.naver.com/ArticleRead.nhn?clubid=10050146&menuid=749&articleid=536146449&query=ipad+pro
아이패드 프로 스마트 키보드 10.5 2세대 ipad pro 영문,"120,000원",2018.12.02. 19:14,https://m.cafe.naver.com/ArticleRead.nhn?clubid=10050146&menuid=749&articleid=536120325&query=ipad+pro
아이패드프로 iPad Pro 정품 블루투스 키보드,"120,000원",2018.12.02. 17:51,https://m.cafe.naver.com/ArticleRead.nhn?clubid=10050146&menuid=749&articleid=536097630&query=ipad+pro
아이패드 프로 10.5 2세대 wifi 256g 로즈골드 펜슬 정품키보드 포함 82만원 ipad pro 10.5,"820,000원",2018.12.02. 13:50,https://m.cafe.naver.com/ArticleRead.nhn?clubid=10050146&menuid=749&articleid=536025008&query=ipad+pro
아이패드 프로 10.5 (IPAD PRO 10.5) 골드 512GB 셀룰러 판매,"720,000원",2018.12.02. 10:43,https://m.cafe.naver.com/ArticleRead.nhn?clubid=10050146&menuid=749&articleid=535964639&query=ipad+pro
[wifi] 아이패드프로 2세대 12.9인치 (iPad Pro 12.9 64GB) + 애플펜슬 + 애플정품 키보드,"900,000원",2018.12.02. 10:01,https://m.cafe.naver.com/ArticleRead.nhn?clubid=10050146&menuid=749&articleid=535952159&query=ipad+pro
아이패드 프로 1세대 12.9인치 셀룰러 iPad Pro 12.9” 128GB Cellular + Wi-Fi 박스 풀셋 + 케이스 + 애플펜슬 + 키보드,"850,000원",2018.12.01. 15:05,https://m.cafe.naver.com/ArticleRead.nhn?clubid=10050146&menuid=749&articleid=535750864&query=ipad+pro
ipad pro 2세대 12.9 lte (셀룰러) 실버 512 GB + 케이스 판매합니다.제조일자 oct-2018,"1,050,000원",2018.12.01. 14:48,https://m.cafe.naver.com/ArticleRead.nhn?clubid=10050146&menuid=749&articleid=535745289&query=ipad+pro
[공식앱] 애플 아이패드프로 iPad Pro 9.7 128GB 실버 WIFI,None,None,https://m.cafe.naver.com/ArticleRead.nhn?clubid=10050146&menuid=736&articleid=535727503&query=ipad+pro
아이패드 프로 10.5인치 Wi-Fi 실버 512GB 미개봉 새제품 팝니다 IPAD PRO,"980,000원",2018.11.30. 22:05,https://m.cafe.naver.com/ArticleRead.nhn?clubid=10050146&menuid=749&articleid=535550958&query=ipad+pro
아이패드 프로 10.5 256GB LTE 셀룰러 펜슬 키보드 풀셋 팝니다. ipad pro 10.5 256G,"880,000원",2018.11.30. 20:39,https://m.cafe.naver.com/ArticleRead.nhn?clubid=10050146&menuid=749&articleid=535528488&query=ipad+pro
ipad pro 12.9인치2세대 wifi 256g / 아이패드 프로 12.9인치 2세대 wifi 256g 스페이스그레이+애플펜슬 (부산),"860,000원",2018.11.30. 17:53,https://m.cafe.naver.com/ArticleRead.nhn?clubid=10050146&menuid=749&articleid=535481876&query=ipad+pro
Ipad pro 12.9,"650,000원",2018.11.30. 14:31,https://m.cafe.naver.com/ArticleRead.nhn?clubid=10050146&menuid=749&articleid=535416044&query=ipad+pro
"iPad Pro 128G 셀룰러 골드, 에플펜,벨킨키보드 팝니다 독산역,가산역 직거래","3,000원",2018.11.30. 10:15,https://m.cafe.naver.com/ArticleRead.nhn?clubid=10050146&menuid=749&articleid=535317221&query=ipad+pro
[공식앱] 애플 아이패드프로 iPad Pro 9.7 128GB 실버 WIFI,None,None,https://m.cafe.naver.com/ArticleRead.nhn?clubid=10050146&menuid=736&articleid=535254436&query=ipad+pro
Ipad pro 2세대 128g이상 삽니다,"500,000원",2018.11.29. 22:35,https://m.cafe.naver.com/ArticleRead.nhn?clubid=10050146&menuid=749&articleid=535214291&query=ipad+pro
,,,
,,,
아이패드프로 iPad Pro 정품 블루투스 키보드,"120,000원",2018.11.29. 20:13,https://m.cafe.naver.com/ArticleRead.nhn?clubid=10050146&menuid=749&articleid=535172709&query=ipad+pro
아이패드 프로 (IPAD PRO)12.9인치형 2세대 WiFi 스페이스 그레이 (애플팬슬포함) 팝니다.,"2,085원",2018.11.29. 17:44,https://m.cafe.naver.com/ArticleRead.nhn?clubid=10050146&menuid=749&articleid=535127125&query=ipad+pro
아이패드 3세대 12.9형 ipad pro 실버 512GB wifi (AppleCare+),"1,650,000원",2018.11.29. 12:56,https://m.cafe.naver.com/ArticleRead.nhn?clubid=10050146&menuid=749&articleid=535026453&query=ipad+pro
[wifi] 아이패드프로 2세대 12.9인치 (iPad Pro 12.9 64GB) + 애플펜슬 + 애플정품 키보드,"900,000원",2018.11.29. 09:29,https://m.cafe.naver.com/ArticleRead.nhn?clubid=10050146&menuid=749&articleid=534943710&query=ipad+pro
"iPad Pro 128G 셀룰러 골드, 에플펜,벨킨키보드 팝니다 독산역,가산역 직거래","3,000원",2018.11.29. 09:09,https://m.cafe.naver.com/ArticleRead.nhn?clubid=10050146&menuid=749&articleid=534937046&query=ipad+pro
[공식앱] 애플 아이패드프로 iPad Pro 9.7 128GB 실버 WIFI,None,None,https://m.cafe.naver.com/ArticleRead.nhn?clubid=10050146&menuid=736&articleid=534878932&query=ipad+pro
iPad Pro 10.5 셀룰러 64GB 스그 + Pencil + 악세사리 판매,"650,000원",2018.11.28. 19:50,https://m.cafe.naver.com/ArticleRead.nhn?clubid=10050146&menuid=749&articleid=534807922&query=ipad+pro
IPAD Pro(12.9) 2세대 256GB 골드 풀박스 S급 (기스 하나도 없음) 판매 합니다.,"750,000원",2018.11.28. 11:48,https://m.cafe.naver.com/ArticleRead.nhn?clubid=10050146&menuid=749&articleid=534639041&query=ipad+pro
아이패드 프로 9.7 125g Ipad pro 9.7 스페이스그레이,"2,000원",2018.11.28. 11:11,https://m.cafe.naver.com/ArticleRead.nhn?clubid=10050146&menuid=339&articleid=534623527&query=ipad+pro
아이패드 프로 10.5인치 Wi-Fi 실버 512GB 미개봉 새제품 팝니다 IPAD PRO,"980,000원",2018.11.28. 11:07,https://m.cafe.naver.com/ArticleRead.nhn?clubid=10050146&menuid=749&articleid=534621716&query=ipad+pro
아이패드 프로/ipad pro 10.5 실버 wifi 256gB+스마트키보드+펜슬 (풀박),"950,000원",2018.11.27. 22:34,https://m.cafe.naver.com/ArticleRead.nhn?clubid=10050146&menuid=749&articleid=534489868&query=ipad+pro
iPad Pro 10.5인치 실버 512 Wifi+LTE 해외판 미개봉,"1,100,000원",2018.11.27. 19:48,https://m.cafe.naver.com/ArticleRead.nhn?clubid=10050146&menuid=749&articleid=534437535&query=ipad+pro
아이패드 프로 10.5형 256GB WI-FI 미개봉 새제품 IPAD PRO (10.5형) WIFI 256GB 미개봉 새제품,"800,000원",2018.11.27. 18:32,https://m.cafe.naver.com/ArticleRead.nhn?clubid=10050146&menuid=427&articleid=534414304&query=ipad+pro
아이패드 프로 10.5형 64GB WI-FI 미개봉 새제품 IPAD PRO (10.5형) WIFI 64GB 미개봉 새제품,"710,000원",2018.11.27. 16:56,https://m.cafe.naver.com/ArticleRead.nhn?clubid=10050146&menuid=749&articleid=534383505&query=ipad+pro
"[완료] 아이패드프로 로즈골드(ipad pro)10.5"" 64G , 애플펜슬(apple pencil)","670,000원",2018.11.27. 16:28,https://m.cafe.naver.com/ArticleRead.nhn?clubid=10050146&menuid=749&articleid=534374271&query=ipad+pro
"아이패드프로10.5형 와이파이+셀룰러+애플케어2년 iPad Pro Wi-Fi + Cellular 256GB - 스페이스그레이 판매합니다 (풀박스 , 동영상有)","850,000원",2018.11.27. 15:10,https://m.cafe.naver.com/ArticleRead.nhn?clubid=10050146&menuid=749&articleid=534346711&query=ipad+pro
[공식앱] 애플 아이패드프로 iPad Pro 9.7 128GB 실버 WIFI,None,None,https://m.cafe.naver.com/ArticleRead.nhn?clubid=10050146&menuid=736&articleid=534286368&query=ipad+pro
"iPad Pro 128G 셀룰러 골드, 에플펜,벨킨키보드 팝니다 독산역,가산역 직거래","3,000원",2018.11.27. 11:55,https://m.cafe.naver.com/ArticleRead.nhn?clubid=10050146&menuid=749&articleid=534271455&query=ipad+pro
[에눌가능]아이패드프로 10.5 셀룰러 256G ipadpro,"820,000원",2018.11.27. 09:33,https://m.cafe.naver.com/ArticleRead.nhn?clubid=10050146&menuid=749&articleid=534211632&query=ipad+pro
아이패드 프로 10.5형 64GB WI-FI 미개봉 새제품 IPAD PRO (10.5형) WIFI 64GB 미개봉 새제품,"710,000원",2018.11.26. 16:25,https://m.cafe.naver.com/ArticleRead.nhn?clubid=10050146&menuid=749&articleid=534001740&query=ipad+pro
아이패드 프로 10.5인치 판매합니다. (iPad Pro (10.5-inch) Wi-Fi. 256G 스페이스그래이),"550,000원",2018.11.26. 15:36,https://m.cafe.naver.com/ArticleRead.nhn?clubid=10050146&menuid=749&articleid=533984231&query=ipad+pro
[wifi] 아이패드프로 2세대 12.9인치 (iPad Pro 12.9 64GB) + 애플펜슬 + 애플정품 키보드,"950,000원",2018.11.26. 15:09,https://m.cafe.naver.com/ArticleRead.nhn?clubid=10050146&menuid=749&articleid=533974076&query=ipad+pro
"iPad Pro 128G 셀룰러 골드, 에플펜,벨킨키보드 팝니다 독산역,가산역 직거래","3,000원",2018.11.26. 12:45,https://m.cafe.naver.com/ArticleRead.nhn?clubid=10050146&menuid=749&articleid=533918271&query=ipad+pro
아이패드 프로 10.5인치 Wi-Fi 실버 512GB 미개봉 새제품 팝니다 IPAD PRO,"980,000원",2018.11.26. 11:17,https://m.cafe.naver.com/ArticleRead.nhn?clubid=10050146&menuid=749&articleid=533882527&query=ipad+pro
[공식앱] iPad Pro,None,None,https://m.cafe.naver.com/ArticleRead.nhn?clubid=10050146&menuid=736&articleid=533875700&query=ipad+pro
아이패드 프로 256 12.9 wifi cellular (ipad pro) 미개봉 새상품 택포 105만원,"970,000원",2018.11.25. 22:22,https://m.cafe.naver.com/ArticleRead.nhn?clubid=10050146&menuid=334&articleid=533749391&query=ipad+pro
(미개봉)MM172KH/A ipad pro 9.7' 32GB / ML0R2KH/A ipad pro 12.9' 128GB,"630,000원",2018.11.25. 19:44,https://m.cafe.naver.com/ArticleRead.nhn?clubid=10050146&menuid=749&articleid=533703524&query=ipad+pro
"[팝니다] 아이패드프로 로즈골드(ipad pro)10.5"" 64G , 애플펜슬(apple pencil)","670,000원",2018.11.25. 19:28,https://m.cafe.naver.com/ArticleRead.nhn?clubid=10050146&menuid=749&articleid=533699374&query=ipad+pro
아이패드 프로 10.5형 64GB WI-FI 미개봉 새제품 IPAD PRO (10.5형) WIFI 64GB 미개봉 새제품,"710,000원",2018.11.25. 19:15,https://m.cafe.naver.com/ArticleRead.nhn?clubid=10050146&menuid=749&articleid=533695876&query=ipad+pro
(판매) 아이패드 프로 1세대 9.7 (iPad pro) 로즈골드 32g wifi +애플펜슬,None,None,https://m.cafe.naver.com/ArticleRead.nhn?clubid=10050146&menuid=736&articleid=533639728&query=ipad+pro
아이패드 프로/ipad pro 10.5 실버 wifi 256gB+스마트키보드+펜슬 (풀박),"950,000원",2018.11.25. 10:19,https://m.cafe.naver.com/ArticleRead.nhn?clubid=10050146&menuid=749&articleid=533536731&query=ipad+pro
"[미개봉] 아이패드ipad pro 10.5 WIFI, 256GB (80만)","800,000원",2018.11.24. 19:30,https://m.cafe.naver.com/ArticleRead.nhn?clubid=10050146&menuid=749&articleid=533406572&query=ipad+pro
iPad Pro 아이패드 프로 (10.5형) Wi-Fi + Cellular 256G 판매합니다.,"700,000원",2018.11.24. 17:52,https://m.cafe.naver.com/ArticleRead.nhn?clubid=10050146&menuid=749&articleid=533381432&query=ipad+pro
"[미개봉] 아이패드ipad pro 10.5 WIFI, 256GB (80만)","800,000원",2018.11.24. 17:42,https://m.cafe.naver.com/ArticleRead.nhn?clubid=10050146&menuid=749&articleid=533378538&query=ipad+pro
"[미개봉] 아이패드ipad pro 10.5 WIFI, 256GB (83만)","830,000원",2018.11.24. 14:45,https://m.cafe.naver.com/ArticleRead.nhn?clubid=10050146&menuid=749&articleid=533327631&query=ipad+pro
아이패드 프로 10.5인치 Wi-Fi 실버 512GB 미개봉 새제품 팝니다 IPAD PRO,"980,000원",2018.11.23. 23:14,https://m.cafe.naver.com/ArticleRead.nhn?clubid=10050146&menuid=749&articleid=533158986&query=ipad+pro
"[미개봉] 아이패드ipad pro 10.5 WIFI, 256GB (83만)","830,000원",2018.11.23. 20:21,https://m.cafe.naver.com/ArticleRead.nhn?clubid=10050146&menuid=749&articleid=533115425&query=ipad+pro
아이패드 프로 12.9인치 2세대 (iPad Pro 12.9인치 2세대) 판매합니다.(256기가 wifi버전),"750,000원",2018.11.23. 16:43,https://m.cafe.naver.com/ArticleRead.nhn?clubid=10050146&menuid=749&articleid=533052525&query=ipad+pro
IPad pro12.9 2세대 64G wifi 실버그레이 사기카톡 kokonut66,None,None,https://m.cafe.naver.com/ArticleRead.nhn?clubid=10050146&menuid=736&articleid=533013685&query=ipad+pro
"아이패드 프로(iPad pro A1709) 10.5 256G 셀룰러/ S급,애플펜슬+완박 86만","860,000원",2018.11.23. 11:59,https://m.cafe.naver.com/ArticleRead.nhn?clubid=10050146&menuid=425&articleid=532952624&query=ipad+pro
[wi-fi] 아이패드프로 2세대 12.9인치 (iPad Pro 12.9 64GB) + 애플펜슬 + 애플정품 키보드,"980,000원",2018.11.23. 11:38,https://m.cafe.naver.com/ArticleRead.nhn?clubid=10050146&menuid=749&articleid=532944586&query=ipad+pro
아이패드 프로 256 12.9 wifi cellular (ipad pro) 미개봉 새상품 택포 105만원,"1,050,000원",2018.11.22. 11:50,https://m.cafe.naver.com/ArticleRead.nhn?clubid=10050146&menuid=334&articleid=532596058&query=ipad+pro
[wi-fi] 아이패드프로 2세대 12.9인치 (iPad Pro 12.9 64GB) + 애플펜슬 + 애플정품 키보드,"1,030,000원",2018.11.22. 11:16,https://m.cafe.naver.com/ArticleRead.nhn?clubid=10050146&menuid=749&articleid=532581973&query=ipad+pro
(판매완료)아이패드 프로 2세대 10.5 와이파이 256기가 / ipad pro 10.5 wifi 256G 스페이스그레이 + 정품 가죽 Smart Cover - 미드나이트 블루(판매완료),"730,000원",2018.11.22. 10:46,https://m.cafe.naver.com/ArticleRead.nhn?clubid=10050146&menuid=749&articleid=532568632&query=ipad+pro
"[미개봉] 아이패드ipad pro 10.5 WIFI, 256GB (83만)","830,000원",2018.11.22. 09:45,https://m.cafe.naver.com/ArticleRead.nhn?clubid=10050146&menuid=749&articleid=532543296&query=ipad+pro
iPad Pro (아이패드프로 2세대) 10.5 Cellular + WiFi 256GB 로즈골드 + 아이팬슬 + 커버케이스,"800,000원",2018.11.21. 13:37,https://m.cafe.naver.com/ArticleRead.nhn?clubid=10050146&menuid=749&articleid=532279051&query=ipad+pro
아이패드프로 2세대 12.9인치 (iPad Pro 12.9 64GB) + 애플펜슬 + 애플정품 키보드 + hdmi 젠더,"1,050,000원",2018.11.21. 12:14,https://m.cafe.naver.com/ArticleRead.nhn?clubid=10050146&menuid=749&articleid=532247582&query=ipad+pro
미개봉 정품 Apple iPad Pro Leather Sleeve(아이패드 프로 가죽 슬리브) 10.5인치 블랙 레더 팝니다.,"90,000원",2018.11.21. 11:08,https://m.cafe.naver.com/ArticleRead.nhn?clubid=10050146&menuid=749&articleid=532219301&query=ipad+pro
아이패드 프로 10.5인치 Wi-Fi 실버 512GB 미개봉 새제품 팝니다 IPAD PRO 직거래가능,"980,000원",2018.11.21. 10:55,https://m.cafe.naver.com/ArticleRead.nhn?clubid=10050146&menuid=749&articleid=532214164&query=ipad+pro
Apple iPad Pro 10.5 512gb 아이패드프로 미개봉 새제품 실버,"950,000원",2018.11.21. 06:47,https://m.cafe.naver.com/ArticleRead.nhn?clubid=10050146&menuid=749&articleid=532146982&query=ipad+pro
"아이패드 프로(iPad Pro) 1세대 9.7인치 256GB 스페이스그레이 와이파이, 에플펜슬","480,000원",2018.11.20. 22:40,https://m.cafe.naver.com/ArticleRead.nhn?clubid=10050146&menuid=749&articleid=532092639&query=ipad+pro
"[미개봉] 아이패드ipad pro 10.5 WIFI, 256GB (83만)","830,000원",2018.11.20. 21:30,https://m.cafe.naver.com/ArticleRead.nhn?clubid=10050146&menuid=749&articleid=532070665&query=ipad+pro
아이패드 프로 10.5인치 Wi-Fi 실버 512GB 미개봉 새제품 팝니다 IPAD PRO 직거래가능,"980,000원",2018.11.20. 11:50,https://m.cafe.naver.com/ArticleRead.nhn?clubid=10050146&menuid=749&articleid=531873308&query=ipad+pro
[판매완료] 아이패드 프로 2세대 10.5 / iPad Pro 10.5 wifi 256 gb 스그 풀박 + 애플펜슬 + 스마트키보드 + 정품가죽슬리브,"920,000원",2018.11.20. 07:58,https://m.cafe.naver.com/ArticleRead.nhn?clubid=10050146&menuid=1731&articleid=531790957&query=ipad+pro
아이패드 프로 2세대 10.5 와이파이 256기가 ipad pro 10.5 wifi 256gb 골드 S급!,"700,000원",2018.11.20. 02:22,https://m.cafe.naver.com/ArticleRead.nhn?clubid=10050146&menuid=749&articleid=531769152&query=ipad+pro
아이패드 프로/ipad pro 10.5 실버 wifi 256gB+스마트키보드+펜슬 (풀박),"950,000원",2018.11.19. 19:25,https://m.cafe.naver.com/ArticleRead.nhn?clubid=10050146&menuid=749&articleid=531667971&query=ipad+pro
아이패드 프로 10.5인치 Wi-Fi 실버 512GB 미개봉 새제품 팝니다 IPAD PRO 직거래가능,"1,000,000원",2018.11.19. 18:20,https://m.cafe.naver.com/ArticleRead.nhn?clubid=10050146&menuid=749&articleid=531648223&query=ipad+pro
iPad Pro 12.9 아이패드 프로 2세대 256GB Wi-Fi 스페이스그레이(MP6G2KH/A) 판매합니다.,"990,000원",2018.11.19. 13:47,https://m.cafe.naver.com/ArticleRead.nhn?clubid=10050146&menuid=749&articleid=531551511&query=ipad+pro
아이패드 프로 9.7 (Ipad Pro 9.7) 셀룰러 128G + 애플팬슬 판매합니다.,"500,000원",2018.11.19. 13:18,https://m.cafe.naver.com/ArticleRead.nhn?clubid=10050146&menuid=749&articleid=531540243&query=ipad+pro
"[미개봉] 아이패드ipad pro 10.5 WIFI, 256GB (83만)","830,000원",2018.11.19. 12:59,https://m.cafe.naver.com/ArticleRead.nhn?clubid=10050146&menuid=749&articleid=531532680&query=ipad+pro
